,BB240517P00001500,BB240517P00002000,BB240517P00002500,BB240517P00003000,BB240517P00003500,BB240517P00004000,BB240524P00002500,BB240524P00003000,BB240524P00003500,BB240524P00004000,BB240524P00005500,BB240531P00002000,BB240531P00002500,BB240531P00003000,BB240531P00003500,BB240607P00002000,BB240607P00002500,BB240607P00003000,BB240607P00003500,BB240614P00002500,BB240614P00003000,BB240614P00003500,BB240621P00001500,BB240621P00002000,BB240621P00002500,BB240621P00003000,BB240621P00003500,BB240621P00004000,BB240621P00004500,BB240621P00005000,BB240621P00005500,BB240621P00007000,BB240628P00002500,BB240628P00003000,BB240719P00001000,BB240719P00001500,BB240719P00002000,BB240719P00002500,BB240719P00003000,BB240719P00003500,BB240719P00004000,BB240719P00005000,BB240719P00007000,BB240719P00010000,BB240920P00001000,BB240920P00001500,BB240920P00002000,BB240920P00002500,BB240920P00003000,BB240920P00003500,BB240920P00004000,BB240920P00004500,BB240920P00005000,BB240920P00006000,BB241220P00001500,BB241220P00002000,BB241220P00002500,BB241220P00003000,BB241220P00003500,BB241220P00004000,BB241220P00004500,BB250117P00000500,BB250117P00001000,BB250117P00001500,BB250117P00002000,BB250117P00002500,BB250117P00003000,BB250117P00003500,BB250117P00004000,BB250117P00004500,BB250117P00005000,BB250117P00005500,BB250117P00007000,BB250117P00010000,BB250117P00012000,BB260116P00000500,BB260116P00001000,BB260116P00001500,BB260116P00002000,BB260116P00002500,BB260116P00003000,BB260116P00003500,BB260116P00004000,BB260116P00004500,BB260116P00005000,BB260116P00005500,BB260116P00007000,BB260116P00010000
2024-05-10 09:53:00-04:00,,,,,,,,,0.5299999713897705,,,,,,,,,,,,,,,,,,,,,,,,,,,,,,,,,,,,,,,,,,,,,,,,,,,,,,,,,,,,,,,,,,,,,,,,,,,,,,,
2024-05-10 09:57:00-04:00,,,,,,,,,,,,,,0.17000000178813934,,,,,,,,,,,,,,,,,,,,,,,,,,,,,,,,,,,,,,,,,,,,,,,,,,,,,,0.7699999809265137,,,,,,,,,,,,,,,,,,,,
2024-05-10 10:12:00-04:00,,,,,,,,,,,,,,,,,,,,,,,,,,,,,,,,,,,,,,,,,,,,,,,,,,,,,,,,,,,,,,,,,,,0.5199999809265137,,,,,,,,,,,,,,0.7200000286102295,,,,,,,
2024-05-10 10:16:00-04:00,,,,0.10000000149011612,,,,,,,,,,,,,,,,,,,,,,,,,,,,,,,,,,,,,,,,,,,,,,,,,,,,,,,,,,,,,,,,,,,,,,,,,,,,,,,,,,,,
2024-05-10 10:23:00-04:00,,,,0.10000000149011612,,,,,,,,,,,,,,,,,,,,,,,,,,,,,,,,,,,,,,,,,,,,,,,,,,,,,,,,,,,,,,,,,,,,,,,,,,,,,,,,,,,,
2024-05-10 10:24:00-04:00,,,0.009999999776482582,,,,,,,,,,,,,,,,,,,,,,,,,,,,,,,,,,,,,,,,,,,,,,,,,,,,,,,,,,,,,,,,,,,,,,,,,,,,,,,,,,,,,
2024-05-10 10:26:00-04:00,,,,,,,,,0.5299999713897705,,,,,,,,,,,,,,,,,,,,,,,,,,,,,,,,,,,,,,,,,,,,,,,,,,,,,,,,,,,,,,,,,,,,,,,,,,,,,,,
2024-05-10 10:44:00-04:00,,,,0.11999999731779099,,,,,,,,,,,,,,,,,,,,,,,,,,,,,,,,,,,,,,,,,,,,,,,,,,,,,,,,,,,,,,,,,,,,,,,,,,,,,,,,,,,,
2024-05-10 10:49:00-04:00,,,,,,,,,,,,,,,,,,,,,,,,,,,,,,,,,,,,,,,,,,,,,,,,,,,,,,,,,,,,,,,,0.07000000029802322,,,,,,,,,,,,,,,,,,,,,,,,
2024-05-10 11:04:00-04:00,,,,,,,,,,,,,,,,,,,,,,,,,,,,,,,,,,,,,,,,,,,,,,,,,,,,,,,,,0.27000001072883606,,,,,,,,,0.3100000023841858,,,,,,,,,,,,,,,,,,,,,,
2024-05-10 11:22:00-04:00,,,,0.12999999523162842,,,,,,,,,,,,,,,,,,,,,,,,,,,,,,,,,,,,,,,,,,,,,,,,,,,,,,,,,,,,,,,,,,,,,,,,,,,,,,,,,,,,
2024-05-10 11:27:00-04:00,,,,,,,,,,,,,,,,,,,,,,,,,,,,,,2.0299999713897705,,,,,,,,,,,,,,,,,,,,,,,,,,,,,,,,,,,,,,,,,,,,,,,,,,,,,,,,,,
2024-05-10 11:44:00-04:00,,,,,,,,0.1599999964237213,,,,,,,,,,,,,,,,,,,,,,,,,,,,,,,,,,,,,,,,,,,,,,,,,,,,,,,,,,,,,,,,,,,,,,,,,,,,,,,,
2024-05-10 11:58:00-04:00,,,,0.12999999523162842,,,,,,,,,,,,,,,,,,,,,,,,,,,,,,,,,,,,,,,,,,,,,,,,,,,,,,,,,,,,,,,,,,,,,,,,,,,,,,,,,,,,
2024-05-10 11:59:00-04:00,,,,,,,,0.18000000715255737,,,,,,,,,,,,,,,,,,,,,,,,,,,,,,,,,,,,,,,,,,,,,,,,,,,,,,,,,,,,,,,,,,,,,,,,,,,,,,,,
2024-05-10 12:26:00-04:00,,,0.009999999776482582,,,,,,,,,,,,,,,,,,,,,,,,,,,,,,,,,,,,,,,,,,,,,,,,,,,,,,,,,,,,,,,,,,,,,,,,,,,,,,,,,,,,,
2024-05-10 12:39:00-04:00,,,,,0.5799999833106995,,,,,,,,,,,,,,,,,,,,,,,,,,,,,,,,,,,,,,,,,,,,,,,,,,,,,,,,,,,,,,,,,,,,,,,,,,,,,,,,,,,
2024-05-10 13:03:00-04:00,,,,,,,,,,,,,,,,,,,,,,,,,,,,,,,,,,,,,,,,,,,,,,,,,0.3499999940395355,,,,,,,,,,,,,,,,,,,,,,,,,,,,,,,,,,,,,,,
2024-05-10 13:28:00-04:00,,,,0.14000000059604645,,,,,,,,,,,,,,,,,,,,,,,,,,,,,,,,,,,,,,,,,,,,,,,,,,,,,,,,,,,,,,,,,,,,,,,,,,,,,,,,,,,,
2024-05-10 13:47:00-04:00,,,,0.15000000596046448,,,,,,,,,,,,,,,,,,,,,,,,,,,,,,,,,,,,,,,,,,,,,,,,,,,,,,,,,,,,,,,,,,,,,,,,,,,,,,,,,,,,
2024-05-10 14:09:00-04:00,,,0.019999999552965164,0.15000000596046448,,,,,,,,,,,,,,,,,,,,,,,,,,,,,,,,,,,,,,,,,,,,,,,,,,,,,,,,,,,,,,,,,,,,,,,,,,,,,,,,,,,,
2024-05-10 14:10:00-04:00,,,0.019999999552965164,0.15000000596046448,0.5799999833106995,,,,,,,,,,,,,,,,,,,,,,,,,,,,,,,,,,,,,,,,,,,,,,,,,,,,,,,,,,,,,,,,,,,,,,,,,,,,,,,,,,,
2024-05-10 14:11:00-04:00,,,0.009999999776482582,,,,,,,,,,,,,,,,,,,,,,,,,,,,,,,,,,,,,,,,,,,,,,,,,,,,,,,,,,,,,,,,,,,,,,,,,,,,,,,,,,,,,
2024-05-10 14:47:00-04:00,,,,,,,0.019999999552965164,,,,,,,,,,,,,,,,,,,,,,,,,,,,,,,,,,,,,,,,,,,,,,,,,,,,,,,,,,,,,,,,,,,,,,,,,,,,,,,,,
2024-05-10 15:24:00-04:00,,,,,,,,,,,,,,0.1899999976158142,,,,,,,,,,,,,,,,,,,,,,,,,,,,,,,,,,,,,,,,,,,,,,,,,,,,,,,,,,,,,,,,,,,,,,,,,,
2024-05-10 15:36:00-04:00,,,,0.15000000596046448,,,,,,,,,,,,,,,,,,,,,,,,,,,,,,,,,,,,,,,,,,,,,,,,,,,,,,,,,,,,,,,,,,,,,,,,,,,,,,,,,,,,
2024-05-10 15:39:00-04:00,,,,,,,,0.18000000715255737,,,,,0.029999999329447746,,,,,,,,,,,,,,,,,,,,,,,,,,,,,,,,,,,,,,,,,,,,,,,,,,,,,,,,,,,,,,,,,,,,,,,,,,,
2024-05-10 15:42:00-04:00,,,,,,,,,,,,,0.029999999329447746,,,,,,,,,,,,,,,,,,,,,,,,,,,,,,,,,,,,,,,,,,,,,,,,,,,,,,,,,,,,,,,,,,,,,,,,,,,
2024-05-10 15:46:00-04:00,,,,,,,,,,,,,,,,,0.03999999910593033,,,,,,,,,,,,,,,,,,,,,,,,,,,,,,,,,,,,,,,,,,,,,,,,,,,,,,,,,,,,,,,,,,,,,,,
2024-05-10 15:47:00-04:00,,,,,,,,,,,,,,,,,0.029999999329447746,,,,,,,,,,,,,,,,,,,,,,,,,,,,,,,,,,,,,,,,,,,,,,,,,,,,,,,,,,,,,,,,,,,,,,,
2024-05-10 15:50:00-04:00,,,,0.1599999964237213,,,,,,,,,,,,,,,,,,,,,,,,,,,,,,,,,,,,,,,,,,,,,,,,,,,,,,,,,,,,,,,,,,,,,,,,,,,,,,,,,,,,
2024-05-10 15:57:00-04:00,,,,,,,,,,,,,0.03999999910593033,,,,,,,,,,,,,,,,,,,,,,,,,,,,,,,,,,,,,,,,,,,,,,,,,,,,,,,,,,,,,,,,,,,,,,,,,,,
2024-05-10 15:58:00-04:00,,,,,,,,,,,,,0.03999999910593033,,,,,,,,,,,,,,,,,,,,,,,,,,,,,,,,,,,,,,,,,,,,,,,,,,,,,,,,,,,,,,,,,,,,,,,,,,,
2024-05-10 15:59:00-04:00,,,,0.1599999964237213,,,,,,,,,0.03999999910593033,,,,,,,,,,,,,,,,,,,,,,,,,,,,,,,,,,,,,,,,,,,,,,,,,,,,,,,,,,,,,,,,,,,,,,,,,,,
2024-05-13 00:06:00-04:00,,,,,,,,,,,,,,,,,,,,,0.17000000178813934,,,,,,,,,,,,0.05000000074505806,,,,,,,,,,,,,,,,,,,,,,,,,,,,,,,,,,,,,,,,,,,,,,,,,,,,,,,
2024-05-13 00:07:00-04:00,0.019999999552965164,,,,,,,,,,,,,,,,,,,,,,,,,,,,,,,,,,,,,,,,,,,,,,,,,,,,,,,,,,,,,,,,,,,,,,,,,,,,,,,,,,,,,,,
2024-05-13 09:30:00-04:00,,,,0.10000000149011612,,,,,,,,,0.029999999329447746,,0.6600000262260437,,,0.10000000149011612,,,,,,,,,,,,,,,,,,,,,,,,,,,,,,,,,,,,,,,,,,,,,,,,,,,,,,,,,,,,,,,,,,,,,,
2024-05-13 09:32:00-04:00,,,,,,,,,,,,,0.03999999910593033,,,,,,,,,,,,,,,,,,,,,,,,,,,,,,,,,,,,,,,,,,,,,,,,,,,,,,,,,,,,,,,,,,,,,,,,,,,
2024-05-13 09:36:00-04:00,,,,,,,,,,,,,0.029999999329447746,,,,,,,,,,,,,,,,,,,,,,,,,,,,,,,,,,,,,,,,,,,,,,,,,,,,,,,,,,,,,,,,,,,,,,,,,,,
2024-05-13 09:37:00-04:00,,,,,,,,,,,,,0.029999999329447746,,,,,,,,,,,,,,,,,,,,,,,,,,,,,,,,,,,,,,,,,,,,,,,,,,,,,,,,,,,,,,,,,,,,,,,,,,,
2024-05-13 09:38:00-04:00,,,,0.10000000149011612,,,,,,,,,,,,,,,,,,,,,,,,,,,,,,,,,,,,,,,,,,,,,,,,,,,,,,,,,,,,,,,,,,,,,,,,,,,,,,,,,,,,
2024-05-13 09:39:00-04:00,,,,0.09000000357627869,,,,,,,,,0.029999999329447746,,,,,,,,,,,,,,,,,,,,,,,,,,,,,,,,,,,,,,,,,,,,,,,,,,,,,,,,,,,,,,,,,,,,,,,,,,,
2024-05-13 09:40:00-04:00,,,,,,,,,,,,,0.03999999910593033,,,,,,,,,,,,,,,,,,,,,,,,,,0.30000001192092896,,,,,,,,,,,,,,,,,,,,,,,,,,,,,,,,,,,,,,,,,,,,,,,,,
2024-05-13 09:42:00-04:00,,,,,,,,,,,,,0.05000000074505806,,,,,,,,,,,,,,,,,,,,,,,,,,,,,,,,,,,,,,,,,,,,,,,,,,,,,,,,,,,,,,,,,,,,,,,,,,,
2024-05-13 09:43:00-04:00,,,,,,,,,,,,,0.029999999329447746,,,,,,,,,,,,,,,,,,,,,,,,,,,,,,,,,,,,,,,,,,,,,,,,,,,,,,,,,,,,,,,,,,,,,,,,,,,
2024-05-13 09:44:00-04:00,,,,,,,0.019999999552965164,,,,,,,,,,,,,,,,,,,,,,,,,,,,,,,,,,,,,,,,,,,,,,,,,,,,,,,,,,,,,,,,,,,,,,,,,,,,,,,,,
2024-05-13 09:45:00-04:00,,,,0.09000000357627869,,,,,,,,,,0.15000000596046448,,,,,,,,,,,,,,,,,,,,,,,,,,,,,,,,,,,,,,,,,,,,,,,,,,,,,,,,,,,,,,,,,,,,,,,,,,
2024-05-13 09:46:00-04:00,,,,,,,0.019999999552965164,,,,,,,,,,,,,,,,,,,,,,,,,,,,,,,,,,,,,,,,,,,,,,,,,,,,,,,,,,,,,,,,,,,,,,,,,,,,,,,,,
2024-05-13 09:47:00-04:00,,,,0.11999999731779099,,,0.029999999329447746,,,,,,,,,,,,,,,,,,,,,,,,,,,,,,,,,,,,,,,,,,,,,,,,,,,,,,,,,,,,,,,,,,,,,,,,,,,,,,,,,
2024-05-13 09:48:00-04:00,,,,,,,0.029999999329447746,0.18000000715255737,,,,,,,,,,,,,,,,,,,,,,,,,,,,,,,,,,,,,,,,,,,,,,,,,,,,,,,,,,,,,,,,,,,,,,,,,,,,,,,,
2024-05-13 09:49:00-04:00,,,,,,,0.029999999329447746,,,,,,,,,,,,,,,,,,,,,,,,,,,,,,,,,,,,,,,,,,,,,,,,,,,,,,,,,,,,,,,,,,,,,,,,,,,,,,,,,
2024-05-13 09:50:00-04:00,,,,0.11999999731779099,,,0.029999999329447746,,,,,,,,,,,,,,,,,,,,,,,,,,,,,,,,0.27000001072883606,,,,,,,,,,,,,,,,,,,,,,,,,,,,,,,,,,,,,,,,,,,,,,,,,
2024-05-13 09:53:00-04:00,,,,,,,0.029999999329447746,,,,,,,,,,,,,,,,,,,,,,,,,,,,,,,,0.27000001072883606,,,,,,,,,,,,,,,,,,,,,,,,,,,,,,,,,,,,,,,,,,,,,,,,,
2024-05-13 09:54:00-04:00,,,,,,,0.029999999329447746,,,,,,,,,,,,,,,,,,,,,,,,,,,,,,,,,,,,,,,,,,,,,,,,,,,,,,,,,,,,,,,,,,,,,,,,,,,,,,,,,
2024-05-13 09:56:00-04:00,,,,,,,0.029999999329447746,,,,,,,,,,,,,,,,,,,,,,,,,,,,,,,,,,,,,,,,,,,,,,,,,,,,,,,,,,,,,,,,,,,,,,,,,,,,,,,,,
2024-05-13 09:57:00-04:00,,,,0.10999999940395355,0.5600000023841858,,,,,,,,,,,,,,,,,,,,,,,,,,,,,,,,,,,,,,,,,,,,,,,,,,,,,,,,,,,,,,,,,,,,,,,,,,,,,,,,,,,
2024-05-13 09:58:00-04:00,,,0.009999999776482582,,,,,,,,,,,,,,,,,,,,,,,,,,,,,,,,,,,,,,,,,,,,,,,,,,,,,,,,,,,,,,,,,,,,,,,,,,,,,,,,,,,,,
2024-05-13 09:59:00-04:00,,,,0.10000000149011612,,,,0.18000000715255737,,,,,,,,,,,,,,,,,,,,,,,,,,,,,,,,,,,,,,,,,,,,,,,,,,,,,,,,,,,,,,,,,,,,,,,,,,,,,,,4.0,
2024-05-13 10:00:00-04:00,,,0.009999999776482582,0.14000000059604645,,,,,,,,,,,,,,,,,,,,,,0.3100000023841858,,,,,,,,,,,,,,,,,,,,,,,,,,,,,,,,,,,,,,,,,,,,,,,,,,,,,,,,,,,,,,
2024-05-13 10:01:00-04:00,,,,0.1599999964237213,,,,,,,,,,,,,,,,,,,,,,,,,,,,,,,,,,,,,,,,,,,0.11999999731779099,,,,,,,,,,,,,,,,,,,,,,,,,,,,,,,,,,,,,,,,,
2024-05-13 10:02:00-04:00,,,,0.1599999964237213,,,,0.18000000715255737,,,,,,,,,,,,,,,,,,,,,,,,,,,,,,,,,,,,,,,,,,,,,,,,,,,,,,,,,,,,,,,,,,,,,,,,,,,,,,,,
2024-05-13 10:03:00-04:00,,,,,0.5199999809265137,,,,,,,,,,,,,,,,,,,,,,,,,,,,,,,,,,,,,,,,,,,,,,,,,,,,,,,,,,,,,,,,,,,,,,,,,,,,,,,,,,,
2024-05-13 10:04:00-04:00,,,0.009999999776482582,0.17000000178813934,,,,,,,,,,,,,,,,,,,,,,,,,,,,,,,,,,,,,,,,,,,0.07999999821186066,,,,,,,,,,,,,,,,,,,,,,,,,,,,,,,,,,,,,,,,,
2024-05-13 10:06:00-04:00,,,,0.17000000178813934,,,,,,,,,,,,,,,,,,,,,,,,,,,,,,,,,,,,,,,,,,,,,,,,,,,,,,,,,,,,,,,,,,,,,,,,,,,,,,,,,,,,
2024-05-13 10:07:00-04:00,,,,,,,0.029999999329447746,0.23999999463558197,,,,,,,,,,,,,,,,,,,,,,,,,,,,,,,,,,,,,,,,,,,,,,,,,,,,,,,,,,,,,,,,,,,,,,,,,,,,,,,,
2024-05-13 10:08:00-04:00,,,0.019999999552965164,0.17000000178813934,,,,,,,,,,,,,,,,,,,,,,,,,,,,,,,,,,,,,,,,,,,,,,,,,,,,,,,,,,,,,,,,,,,,,,,,,,,,,,,,,,,,
2024-05-13 10:09:00-04:00,,,,,,,0.029999999329447746,,,,,,,,,,,,,,,,,,,,,,,,,,,,,,,,,,,,,,,,,,,,,,,,,,,,,,,,,,,,,,,,,,,,,,,,,,,,,,,,,
2024-05-13 10:11:00-04:00,,,,0.1599999964237213,,,,,,,,,,,,,,,,,,,,,,,,,,,,,,,,,,,,,,,,,,,,,,,,,,,,,,,,,,,,,,,,,,,,,,,,,,,,,,,,,,,,
2024-05-13 10:12:00-04:00,,,,0.1899999976158142,,,,,,,,,,,,,,,,,,,,,,,,,,,,,,,,,,,,,,,,,,,,,,,,,,,,,,,,,,,,,,,,,,,,,,,,,,,,,,,,,,,,
2024-05-13 10:13:00-04:00,,,,,,,0.019999999552965164,,,,,,,,,,,,,,,,,,,,,,,,,,,,,,,,,,,,,,,,,,,,,,,,,,,,,,,,,,,,,,,,,,,,,,,,,,,,,,,,,
2024-05-13 10:14:00-04:00,,,,0.18000000715255737,,,0.029999999329447746,,,,,,,,,,,,,,,,,,,,,,,,,,,,,,,,,,,,,,,,,,,,,,,,,,,,,,,,,,,,,,,,,,,,,,,,,,,,,,,,,
2024-05-13 10:15:00-04:00,,,0.019999999552965164,,,,,,,,,,,,,,,,,,,,,,,,,,,,,,,,,,,,,,,,,,,,,,,,,,,,,,,,,,,,,,,,,,,,,,,,,,,,,,,,,,,,,
2024-05-13 10:16:00-04:00,,,,0.17000000178813934,,,,,,,,,,0.3100000023841858,,,,,,,,,,,,,,,,,,,,,,,,,,,,,,,,,,,,,,,,,,,,,,,,,,,,,,,,,,,,,,,,,,,,,,,,,,
2024-05-13 10:17:00-04:00,,,,,,,0.029999999329447746,0.23000000417232513,,,,,,,,,,,,,,,,,,,,,,,,,,,,,,,,,,,,,,,,,,,,,,,,,,,,,,,,,,,,,,,,,,,,,,,,,,,,,,,,
2024-05-13 10:18:00-04:00,,,,,,,0.029999999329447746,,,,,,,,,,,,,,,,,,,,,,,,,,,,,,,,,,,,,,,,,,,,,,,,,,,,,,,,,,,,,,,,,,,,,,,,,,,,,,,,,
2024-05-13 10:20:00-04:00,,,,0.1599999964237213,,,,,,,,,,,,,,,,,,,,0.009999999776482582,,,,,,,,,,,,,,,,,,,,,,,,,,,,,,,,,,,,,,,,,,,,,,,,,,,,,,,,,,,,,,,,
2024-05-13 10:21:00-04:00,,,,,,,0.029999999329447746,,,,,,,,,,,,,,,,,,,,,,,,,,,,,,,,,,,,,,,,,,,,,,,,,,,,,,,,,,,,,,,,,,,,,,,,,,,,,,,,,
2024-05-13 10:23:00-04:00,,,,,,,0.029999999329447746,,,,,,,,,,,,,,,,,,,,,,,,,,,,,,,,,,,,,,,,,,,,,,,,,,,,,,,,,,,,,,,,,,,,,,,,,,,,,,,,,
2024-05-13 10:26:00-04:00,,,,0.1599999964237213,,,,,,,,,,,,,,,,,,,,,,,,,,,,,,,,,,,,,,,,,,,,,,,,,,,,,,,,,,,,,,,,,,,,,,,,,,,,,,,,,,,,
2024-05-13 10:29:00-04:00,,,,,0.5299999713897705,,,,,,,,,,,,,,,,,,,,,,,,,,,,,,,,,,,,,,,,,,,,,,,,,,,,,,,,,,,,,,,,,,,,,,,,,,,,,,,,,,,
2024-05-13 10:30:00-04:00,,,,0.17000000178813934,,,,,,,,,,,,,,,,,,,,,,,,,,,,,,,,,,,,,,,,,,,,,,,,,,,,,,,,,,,,,,,,,,,,,,,,,,,,,,,,,,,,
2024-05-13 10:31:00-04:00,,,,,,,,,,,,,,,,,,,,,,,,,,,,,,,,,,,,,,,0.3100000023841858,,,,,,,,,,,,,,,,,,,,,,,,,,,,,,,,,,,,,,,,,,,,,,,,,
2024-05-13 10:32:00-04:00,,,,0.18000000715255737,,,0.029999999329447746,0.20999999344348907,,,,,,,,,,,,,,,,,,,,,,,,,,,,,,,,,,,,,,,,,,,,,,,,,,,,,,,,,,,,,,,,,,,,,,,,,,,,,,,,
2024-05-13 10:33:00-04:00,,,,,,,,,,,,,,,,,,,,,,,,,,,0.5799999833106995,,,,,,,,,,,,,0.6299999952316284,,,,,,,,,0.3499999940395355,,,,,,,,,,,,,,,,,,,,,,,,,,,,,,,,,,,,,,,
2024-05-13 10:34:00-04:00,,,,0.15000000596046448,,,,,0.550000011920929,,,,,,,,,,,,,,,,,,,,,,,,,,,,,,0.30000001192092896,,,,,,,,,,,,,,,,,,,,,,,,,,,,,,,,,,,,,,,,,,,,,,,,,
2024-05-13 10:35:00-04:00,,,,,,,,,0.5799999833106995,,,,,,,,,,,,,,,,,,0.5799999833106995,,,,,,,,,,,,,,,,,,,,,,,,,,,,,,,,,,,,,,,,,,,,,,,,,,,,,,,,,,,,,
2024-05-13 10:36:00-04:00,,,,0.15000000596046448,,,,,,,,,,,,,,,,,,,,,,,,,,,,,,,,,,,0.30000001192092896,,,,,,,,,,,,,,,,,,,,,,,,,,,,,,,,,,,,,,,,,,,,,,,,,
2024-05-13 10:37:00-04:00,,,,,,,0.029999999329447746,,,,,,,,,,,,,,,,,,,,,,,,,,,,,,,,,,,,,,,,,,,,,,,,,,,,,,,,,,,,,,,,,,,,,,,,,,,,,,,,,
2024-05-13 10:39:00-04:00,,,,0.14000000059604645,,,,,,,,,,,,,,,,,,,,,,,,,,,,,,,,,,,,,,,,,,,,,,,,,,,,,,,,,,,,,,,,,,,,,,,,,,,,,,,,,,,,
2024-05-13 10:45:00-04:00,,,,,,,,0.2199999988079071,0.5799999833106995,,,,,,,,,,,,,,,,,,,,,,,,,,,,,,,,,,,,,,,,,,,,,,,,,,,,,,,,,,,,,,,,,,,,,,,,,,,,,,,
2024-05-13 10:48:00-04:00,,,,,,,,,0.5600000023841858,,,,,,,,,,,,,,,,,,,,,,,,,,,,,,,,,,,,,,,,,1.100000023841858,,,,,,,,,,,,,,,,,,,,,,,,,,,,,,,,,,,,,,
2024-05-13 10:49:00-04:00,,,,0.15000000596046448,,,,,,,,,,,,,,,,,,,,,,,,,,,,,,,,,,,,,,,,,,,,,,,,,,,,,,,,,,,,,,,,,,,,,,,,,,,,,,,,,,,,
2024-05-13 10:51:00-04:00,,,,,,,,,,,,,,,,,,,,,,,,,,,,,,,,,,,,,,,,,,,,,,,0.07000000029802322,,,,,,,,,,,,,,,,,,,,,,,,,,,,,,,,,,,,,,,,,
2024-05-13 10:54:00-04:00,,,,0.12999999523162842,,,,,,,,,,,,,,,,,,,,,,,,,,,,,,,,,,,,,,,,,,,,,,,,,,,,,,,,,,,,,,,,,,,,,,,,,,,,,,,,,,,,
2024-05-13 11:02:00-04:00,,,,,,,,,0.5299999713897705,,,,,,,,,,,,,,,,,,,,,,,,,,,,,,,,,,,,,,0.05000000074505806,,,,,,,,,,,,,,,,,,,,,,,,,,,,,,,,,,,,,,,,,
2024-05-13 11:07:00-04:00,,,0.009999999776482582,,,,,,,,,,,,,,,,,,,,,,,,,,,,,,,,,,,,,,,,,,,,,,,,,,,,,,,,,,,,,,,,,,,,,,,,,,,,,,,,,,,,,
2024-05-13 11:08:00-04:00,,,0.009999999776482582,,,,,,,,,,,,,,,,,,,,,,,,,,,,,,,,,,,,,,,,,,,,,,,,,,,,,,,,,,,,,,,,,,,,,,,,,,,,,,,,,,,,,
2024-05-13 11:09:00-04:00,,,0.009999999776482582,,,,,,,,,,,,,,,,,,,,,,,,,,,,,,,,,,,,,,,,,,,,,,,,,,,,,,,,,,,,,,,,,,,,,,,,,,,,,,,,,,,,,
2024-05-13 11:10:00-04:00,,,0.009999999776482582,,,,,,,,,,,,,,,,,,,,,,,,,,,,,,,,,,,,,,,,,,,,,,,,,,,,,,,,,,,,,,,,,,,,,,,,,,,,,,,,,,,,,
2024-05-13 11:11:00-04:00,,,0.009999999776482582,0.11999999731779099,,,,,,,,,,,,,,,,,,,,,,,,,,,,,,,,,,,,,,,,,,,,,,,,,,,,,,,,,,,,,,,,,,,,,,,,,,,,,,,,,,,,
2024-05-13 11:12:00-04:00,,,0.009999999776482582,,,,,,,,,,,,,,,,,,,,,,,,,,,,,,,,,,,,,,,,,,,,,,,,,,,,,,,,,,,,,,,,,,,,,,,,,,,,,,,,,,,,,
2024-05-13 11:13:00-04:00,,,,,,,,,,,,,,,,,,,,,,,,,,,,,,,,,,,,,,,,,,,,,,,,,,,,,,,,,,,,,,,,,0.10999999940395355,,,,,,,,,,,,,,,,,,,,,,,
2024-05-13 11:16:00-04:00,,,,,,,,,,,,,,0.20000000298023224,,,,,,,,,,,,,,,,,,,,,,,,,,,,,,,,,,,,,,,,,,,,,,,,,,,,,,,,,,,,,,,,,,,,,,,,,,
2024-05-13 11:17:00-04:00,,,,0.10999999940395355,,,,,,,,,,,,,,,,,,,,,,,,,,,,,,,,,,,,,,,,,,,,,,,,,,,,,,,,,,,,,,,,,,,,,,,,,,,,,,,,,,,,
2024-05-13 11:19:00-04:00,,,,0.11999999731779099,,,,,,,,,,,,,,,,,,,,,,,,,,,,,,,,,,,,,,,,,,,,,,,,,,,,,,,,,,,,,,,,,,,,,,,,,,,,,,,,,,,,
2024-05-13 11:21:00-04:00,,,0.009999999776482582,,,,,,,,,,,,,,,,,,,,,,,,,,,,,,,,,,,,,,,,,,,,,,,,,,,,,,,,,,,,,,,,,,,,,,,,,,,,,,,,,,,,,
2024-05-13 11:23:00-04:00,,,0.009999999776482582,,,,,,,,,,,,,,,,,,,,,,,,,,,,,,,,,,,,,,,,,,,,,,,,,,,,,,,,,,,,,,,,,,,,,,,,,,,,,,,,,,,,,
2024-05-13 11:29:00-04:00,,,,0.14000000059604645,0.5,,,,,,,,,,,,,,,,,,,,,,,,,,,,,,,,,,,,,,,,,,,,,,,,,,,,,,,,,,,,,,,,,,,,,,,,,,,,,,,,,,,
2024-05-13 11:30:00-04:00,,0.009999999776482582,,,,,,,,,,,,,,,,,,,,,,,,,,,,,,,,,,,,,,,,,,,,,,,,,,,,,,,,,,,,,,,,,,,,,,,,,,,,,,,,,,,,,,
2024-05-13 11:32:00-04:00,,,0.019999999552965164,,,,,,,,,,,,,,,,,,,,,,,,,,,,,,,,,,,,,,,,,,,,,,,,,,,,,,,,,,,,,,,,,,,,,,,,,,,,,,,,,,,,,
2024-05-13 11:33:00-04:00,,,,0.12999999523162842,,,,,,,,,,,,,,,,,,,,,,,,,,,,,,,,,,,,,,,,,,,,,,,,,,,,,,,,,,,,,,,,,,,,,,,,,,,,,,,,,,,,
2024-05-13 11:35:00-04:00,,,,0.12999999523162842,,,,,,,,,,,,,,,,,,,,,,,,,,,,,,,,,,,,,,,,,,,,,,,,,,,,,,,,,,,,,,,,,,,,,,,,,,,,,,,,,,,,
2024-05-13 11:36:00-04:00,,,,,0.5299999713897705,,,,,,,,,,,,,,,,,,,,,,,,,,,,,,,,,,,,,,,,,,,,,,,,,,,,,,,,,,,,,,,,,,,,,,,,,,,,,,,,,,,
2024-05-13 11:52:00-04:00,,,,,,,,0.1599999964237213,,,,,,,,,,,,,,,,,,,,,,,,,,,,,,,,,,,,,,,,,,,,,,,,,,,,,,,,,,,,,,,,,,,,,,,,,,,,,,,,
2024-05-13 11:53:00-04:00,,,,,0.5,,,,,,,,,,,,,,,,,,,,,,,,,,,,,,,,,,,,,,,,,,,,,,,,,,,,,,,,,,,,,,,,,,,,,,,,,,,,,,,,,,,
2024-05-13 11:57:00-04:00,,,,,,,,,,,,,,,0.5099999904632568,,,,,,,,,,,,,,,,,,,,,,,,,,,,,,,,,,,,,,,,,,,,,,,,,,,,,,,,,,,,,,,,,,,,,,,,,
2024-05-13 12:00:00-04:00,,,,,,,0.019999999552965164,,,,,,,,,,,,,,,,,,,,,,,,,,,,,,,,,,,,,,,,,,,,,,,,,,,,0.800000011920929,,,,,,,,,,,,,,,,,,,,,,,,,,,,,
2024-05-13 12:02:00-04:00,,,0.009999999776482582,,,,,0.17000000178813934,,,,,,,,,,,,,,,,,,,,,,,,,,,,,,,,,,,,,,,,,,,,,,,,,,,,,,,,,,,,,,,,,,,,,,,,,,,,,,,,
2024-05-13 12:05:00-04:00,,,0.009999999776482582,,0.47999998927116394,,,,,,,,,,,,,,,,,,,,,,,,,,,,,,,,,,,,,,,,,,,,,,,,,,,,,,,,,,,,,,,,,,,,,,,,,,,,,,,,,,,
2024-05-13 12:07:00-04:00,,,,,,,,,,,,,,,,,,0.10000000149011612,,,,,,,,,,,,,,,,,,,,,,,,,,,,,,,,,,,,,,,,,,,,,,,,,,,,,,,,,,,,,,,,,,,,,,
2024-05-13 12:08:00-04:00,,,,,,,0.019999999552965164,,,,,,0.029999999329447746,,,,,,,,,,,,,,,,,,,,,,,,,,,,,,,,,,,,,,,,,,,,,,,,,,,,,,,,,,,,,,,,,,,,,,,,,,,
2024-05-13 12:13:00-04:00,,,,0.11999999731779099,,,,,,,,,,,,,,,,,,,,,,,,,,,,,,,,,,,,,,,,,,,,,,,,,,,,,,,,,,,,,,,,,,,,,,,,,,,,,,,,,,,,
2024-05-13 12:14:00-04:00,,,,0.12999999523162842,,,,,,,,,,,,,,,,,,,,,,,,,,,,,,,,,,,,,,,,,,,,,,,,,,,,,,,,,,,,,,,,,,,,,,,,,,,,,,,,,,,,
2024-05-13 12:16:00-04:00,,,,0.11999999731779099,,,,,,,,,,,,,,,,,,,,,,,,,,,,,,,,,,,,,,,,,,,,,,,,,,,,,,,,,,,,,,,,,,,,,,,,,,,,,,,,,,,,
2024-05-13 12:24:00-04:00,,,,,,,,0.15000000596046448,,,,,,,,,,,,,,,,,,,,,,,,,,,,,,,,,,,,,,,,,,,,,,,,,,,,,,,,,,,,,,,,,,,,,,,,,,,,,,,,
2024-05-13 12:32:00-04:00,,,,,,,,,,,,,,0.1599999964237213,,,,,,,,,,,,,,,,,,,,,,,,,,,,,,,,,,,,,,,,,,,,,,,,,,,,,,,,,,,,,,,,,,,,,,,,,,
2024-05-13 12:33:00-04:00,,,,0.11999999731779099,,,,,,,,,,,,,,,,,,,,,,,,,,,,,,,,,,,,,,,,,,,,,,,,,,,,,,,,,,,,,,,,,,,,,,,,,,,,,,,,,,,,
2024-05-13 12:36:00-04:00,,,,0.10999999940395355,,,,,,,,,,,,,,,,,,,,,,,,,,,,,,,,,,,,,,,,,,,,,,,,,,,,,,,,,,,,,,,,,,,,,,,,,,,,,,,,,,,,
2024-05-13 12:47:00-04:00,,,,,,,,,,,,0.009999999776482582,,,,,,,,,,,,,,,,,,,,,,,,,,,,,,,,,,,,,,,,,,,,,,,,,,,,,,,,,,,,,,,,,,,,,,,,,,,,
2024-05-13 12:51:00-04:00,,,,0.11999999731779099,,,,,,,,,,,,,,,,,,,,,,,,,,,,,,,,,,,,,,,,,,,,,,,,,,,,,,,,,,,,,,,,,,,,,,,,,,,,,,,,,,,,
2024-05-13 12:53:00-04:00,,,,,,,,0.1599999964237213,,,,,,,,,,,,,,,,,,,,,,,,,,,,,,,,,,,,,,,,,,,,,,,,,,,,,,,,,,,,,,,,,,,,,,,,,,,,,,,,
2024-05-13 12:54:00-04:00,,,,,,,,,,,,,,,,,,,,,,,,,,,,,,,,,,,,,,,,,,,,,,,,,,,,,,,,,,,,,,,,,,,,,,,,,,,,,,,,,,,,,,,4.099999904632568,
2024-05-13 13:00:00-04:00,,,,,0.49000000953674316,,,,,,,,,,,,,,,,,,,,,,,,,,,,,,,,,,,,,,,,,,,,,,,,,,,,,,,,,,,,,,,,,,,,,,,,,,,,,,,,,,,
2024-05-13 13:04:00-04:00,,,,,,,,0.1599999964237213,,,,,,,,,,,,,,,,,,,,,,,,,,,,,,,,,,,,,,,,,,,,,,,,,,,,,,,,,,,,,,,,,,,,,,,,,,,,,,,,
2024-05-13 13:20:00-04:00,,,,0.10999999940395355,,,,,,,,,,,,,,,,,,,,,,,,,,,,,,,,,,,,,,,,,,,,,,,,,,,,,,,,,,,,,,,,,,,,,,,,,,,,,,,,,,,,
2024-05-13 13:24:00-04:00,,,,,,,,,,,,,,,,,,,,,,,,,0.05000000074505806,,,,,,,,,,,,,,,,,,,,,,,,,,,,,,,,,,,,,,,,,,,,,,,,,,,,,,,,,,,,,,,
2024-05-13 13:34:00-04:00,,,,0.12999999523162842,,,,,,,,,,,,,,,,,,,,,,,,,,,,,,,,,,,,,,,,,,,,,,,,,,,,,,,,,,,,,,,,,,,,,,,,,,,,,,,,,,,,
2024-05-13 13:38:00-04:00,,,,0.11999999731779099,,,,,,,,,,,,,,,,,,,,,,,,,,,,,,,,,,,,,,,,,,,,,,,,,,,,,,,,,,,,,,,,,,,,,,,,,,,,,,,,,,,,
2024-05-13 13:50:00-04:00,,,,,0.5099999904632568,,,,,,,,,,,,,,,,,,,,,,,,,,,,,,,,,,,,,,,,,,,,,,,,,,,,,,,,,,,,,,,,,,,,,,,,,,,,,,,,,,,
2024-05-13 13:54:00-04:00,,,,0.11999999731779099,,,,,,,,,,,,,,,,,,,,,,,,,,,,,,,,,,,,,,,,,,,,,,,,,,,,,,,,,,,,,,,,,,,,,,,,,,,,,,,,,,,,
2024-05-13 13:57:00-04:00,,,,0.11999999731779099,,,,,,,,,,,,,,,,,,,,,,,,,,,,,,,,,,,,,,,,,,,,,,,,,,,,,,,,,,,,,,,,,,,,,,,,,,,,,,,,,,,,
2024-05-13 13:59:00-04:00,,,,0.10999999940395355,,,,,,,,,,,,,,,,,,,,,,,,,,,,,,,,,,,,,,,,,,,,,,,,,,,,,,,,,,,,,,,,,,,,,,,,,,,,,,,,,,,,
2024-05-13 14:03:00-04:00,,,,0.11999999731779099,,,,,,,,,,,,,,,,,,,,,,,,,,,,,,,,,,,,,,,,,,,,,,,,,,,,,,,,,,,,,,,,,,,,,,,,,,,,,,,,,,,,
2024-05-13 14:06:00-04:00,,,,0.11999999731779099,,,,,,,,,,,,,,,,,,,,,,,,,,,,,,,,,,,,,,,,,,,,,,,,,,,,,,,,,,,,,,,,,,,,,,,,,,,,,,,,,,,,
2024-05-13 14:09:00-04:00,,,,,0.5099999904632568,,,,,,,,,,,,,,,,,,,,,,,,,,,,,,,,,,,,,,,,,,,,,,,,,,,,,,,,,,,,,,,,,,,,,,,,,,,,,,,,,,,
2024-05-13 14:18:00-04:00,,,,0.11999999731779099,,,,,,,,,,,,,,,,,,,,,,,,,,,,,,,,,,,,,,,,,,,,,,,,,,,,,,,,,,,,,,,,,,,,,,,,,,,,,,,,,,,,
2024-05-13 14:21:00-04:00,,,,0.12999999523162842,,,,,,,,,,,,,,,,,,,,,,,,,,,,,,,,,,,,,,,,,,,,,,,,,,,,,,,,,,,,,,,,,,,,,,,,,,,,,,,,,,,,
2024-05-13 14:29:00-04:00,,,,,,,,,,,,,,,,,,,,,,,,,,,,,,,,,,,,,,,,0.6299999952316284,,,,,,,,,,,,,,,,,,,,,,,,,,,,,,,,,,,,,,,,,,,,,,,,
2024-05-13 14:31:00-04:00,,,0.009999999776482582,,,,,,,,,,,,,,,,,,,,,,,,,,,,,,,,,,,,,,,,,,,,,,,,,,,,,,,,,,,,,,,,,,,,,,,,,,,,,,,,,,,,,
2024-05-13 14:36:00-04:00,,,,0.11999999731779099,,,,,,,,,,,,,,,,,,,,,,,,,,,,,,,,,,,,,,,,,,,,,,,,,,,,,,,,,,,,,,,,,,,,,,,,,,,,,,,,,,,,
2024-05-13 14:40:00-04:00,,,,0.11999999731779099,,,,,,,,,,,,,,,,,,,,,,,,,,,,,,,,,,,,,,,,,,,,,,,,,,,,,,,,,,,,,,,,,,,,,,,,,,,,,,,,,,,,
2024-05-13 14:49:00-04:00,,,,0.11999999731779099,,,,,,,,,0.029999999329447746,0.18000000715255737,,,,,,,,,,,,,,,,,,,,,,,,,,,,,,,,,,,,,,,,,,,,,,,,,,,,,,,,,,,,,,,,,,,,,,,,,,
2024-05-13 14:51:00-04:00,,,,0.11999999731779099,,,,,,,,,,,,,,,,,,,,,,,,,,,,,,,,,,,,,,,,,,,,,,,,,,,,,,,,,,,,,,,,,,,,,,,,,,,,,,,,,,,,
2024-05-13 14:54:00-04:00,,,,0.12999999523162842,,,,,,,,,,,,,,,,,,,,,,,,,,,,,,,,,,,,,,,,,,,,,,,,,,,,,,,,,,,,,,,,,,,,,,,,,,,,,,,,,,,,
2024-05-13 14:55:00-04:00,,,,,,,,,,,,,,0.17000000178813934,,,,,,,,,,,,,,,,,,,,,,,,,,,,,,,,,,,,,,,,,,,,,,,,,,,,,,,,,,,,,,,,,,,,,,,,,,
2024-05-13 14:56:00-04:00,,,,,0.49000000953674316,,,,,,,,,,,,,,,,,,,,,,,,,,,,,,,,,,,,,,,,,,,,,,,,,,,,,,,,,,,,,,,,,,,,,,,,,,,,,,,,,,,
2024-05-13 14:57:00-04:00,,,,,,,,0.14000000059604645,,,,,,,,,,,,,,,,,,,,,,,,,,,,,,,,,,,,,,,,,,,,,,,,,,,,,,,,,,,,,,,,,,,,,,,,,,,,,,,,
2024-05-13 14:59:00-04:00,,,,0.11999999731779099,,,,,,,,,,,,,,,,,,,,,,,,,,,,,,,,,,,,,,,,,,,,,,,,,,,,,,,,,,,,,,,,,,,,,,,,,,,,,,,,,,,,
2024-05-13 15:03:00-04:00,,,,,,,,,,,,,,,,,,,0.5400000214576721,,,,,,0.029999999329447746,0.20999999344348907,,,,,,,,,,,,,,,,,,,,,,,,,,,,,,,,,,,,,,,,,,,,,,,,,,,,,,,,,,,,,,
2024-05-13 15:07:00-04:00,,,,,,,,,,,,,,,,,,,,,,,,,,0.20999999344348907,,,,,,,,,,,,,,,,,,,,,,,,,,,,,,,,,,,,,,,,,,,,,,,,,,,,,,,,,,,,,,
2024-05-13 15:09:00-04:00,,,,,0.49000000953674316,,,,,,,,,,,,,,,,,,,,,,,,,,,,,,,,,,,,,,,,,,,,,,,,,,,,,,,,,,,,,,,,,,,,,,,,,,,,,,,,,,,
2024-05-13 15:10:00-04:00,,,,,,,,,,,,,,,0.5400000214576721,,,,,,,,,,,,,,,,,,,,,,,,,,,,,,,,,,,,,,,,,,,,,,,,,,,,,,,,,,,,,,,,,,,,,,,,,
2024-05-13 15:12:00-04:00,,,,0.10999999940395355,0.4699999988079071,,,,,,,,,,,,,,,,,,,,,,,,,,,,,,,,,,,,,,,,,,,,,,,,,,,,,,,,,,,,,,,,,,,,,,,,,,,,,,,,,,,
2024-05-13 15:13:00-04:00,,,,,,,,,,,,,,,,,,,,,0.1899999976158142,,,,,,,,,,,,,,,,,,,,,,,,,,,,,,,,,,,,,,,,,,,,,,,,,,,,,,,,,,,,,,,,,,,
2024-05-13 15:14:00-04:00,,,,0.10000000149011612,,,,,,,,,,,,,,,,,,,,,,,,,,,,,,,,,,,,,,,,,,,,,,,,,,,,,,,,,,,,,,,,,,,,,,,,,,,,,,,,,,,,
2024-05-13 15:16:00-04:00,,,,0.10000000149011612,,,,,,,,,,,,,,,,,,0.5299999713897705,,,,0.20999999344348907,,,,,,,,,,,,,,,,,,,,,,,,,,,,,,,,,,,,,,,,,,,,,,,,,,,,,,,,,,,,,,
2024-05-13 15:17:00-04:00,,,,0.10000000149011612,,,,,,,,,,,,,,,,,,,,,,,,,,,,,,,,,,,,,,,,,,,,,,,,,,,,,,,,,,,,,,,,,,,,,,,,,,,,,,,,,,,,
2024-05-13 15:18:00-04:00,,,,0.11999999731779099,0.5,,,,,,,,,,,,,0.2199999988079071,,,,,,,,,,,,,,,0.10000000149011612,,,,,,,,,,,,,,,,,,,,,,,,,,,,,,,,,,,,,,,,,,,,,,,,,,,,,,,
2024-05-13 15:19:00-04:00,,,,,,,,0.14000000059604645,,,,,,,,,,,,,,,,,,,,,,,,,,,,,,,,,,,,,,,,,,,,,,,,,,,,,,,,,,,,,,,,,,,,,,,,,,,,,,,,
2024-05-13 15:20:00-04:00,,,,,,,,0.14000000059604645,,0.9900000095367432,,,,,,,,,,,,,,,,,,,,,,,,,,,,,,,,,,,,,,,,,,,,,,,,,,,,,,,,,,,,,,,,,,,,,,,,,,,,,,
2024-05-13 15:21:00-04:00,,,,,,0.8999999761581421,,0.14000000059604645,,,,,,,,,,,,,,,,,,,,,,,,,,,,,,,,,,,,,,,,,,,,,,,,,,,,,,,,,,,,,,,,,,,,,,,,,,,,,,,,
2024-05-13 15:22:00-04:00,,,,0.12999999523162842,,,,0.14000000059604645,,,,,,,,,,,,,,,,,,,,,,,,,,,,,,,,,,,,,,,,,,,,,,,,,,,,,,,,,,,,,,,,,,,,,,,,,,,,,,,,
2024-05-13 15:23:00-04:00,,,,0.12999999523162842,,,,,,,,,,,,,,,,,,,,,,,,,,,,,,,,,,,,,,,,,,,,,,,,,,,,,,,,,,,,,,,,,,,,,,,,,,,,,,,,,,,,
2024-05-13 15:25:00-04:00,,,,0.14000000059604645,,,,,,,,,,0.2199999988079071,,,,,,,,,,,,,,,,,,,,,,,,,,,,,,,,,,,,,,,,,,,,,,,,,,,,,,,,,,,,,,,,,,,,,,,,,,
2024-05-13 15:26:00-04:00,,,,,,,0.019999999552965164,,,,,,,,,,,,,,,,,,,,,,,,,,,,,,,,,,,,,,,,,,,,,,,,,,,,,,,,,,,,,,,,,,,,,,,,,,,,,,,,,
2024-05-13 15:27:00-04:00,,,,0.14000000059604645,,,,0.15000000596046448,,,,,,,,,,,,,,,,,,,,,,,,,,,,,,,,,,,,,,,,,,,,,,,0.07000000029802322,,,,,,,,,,,,,,,,,,,,,,,,,,,,,,,,,
2024-05-13 15:28:00-04:00,,,,0.14000000059604645,,,,,,,,,,,,,,,,,,,,,,0.27000001072883606,,,,,,,,,,,,,,,,,,,,,,,,,,,,,,,,,,,,,,,,,,,,,,,,,,,,,,,,,,,,,,
2024-05-13 15:29:00-04:00,,,,0.14000000059604645,0.5299999713897705,,,0.17000000178813934,,,,,,,,,,,,,,,,,,,,,,,,,,,,,,,,,,,,,,,,,,,,,,,,,,,,,,,,,,,,,,,,,,,,,,,,,,,,,,,,
2024-05-13 15:30:00-04:00,,,,0.14000000059604645,,,,,,,,,,,,,,,,,,,,,,,,,,,,,,,,,,,,,,,,,,,,,,,,,,,,,,,,,,,,,,,,,,,,,,,,,,,,,,,,,,,,
2024-05-13 15:31:00-04:00,,,,,,,0.019999999552965164,,,,,,,,,,,,,,,,,,0.05999999865889549,,,,,,,,,,,,,,,,,,,,,,,,,,,,,,,,,,,,,,,,,,,,,,,,,,,,,,,,,,,,,,,
2024-05-13 15:32:00-04:00,,,,0.14000000059604645,,,,,0.5600000023841858,,,,,,,,,,,,,,,,,0.30000001192092896,0.6299999952316284,,,,,,,,,,,,,,,,,,,,,,,,,,,,,,,,,,,,,,,,,,,,,,,,,,,,,,,,,,,,,
2024-05-13 15:33:00-04:00,,,,0.14000000059604645,0.5400000214576721,,,,,,,,,,,,,,,,,,,,,,,,,,,,,,,,,,,0.6700000166893005,,,,,,,,,,,,,,,,,0.30000001192092896,,,,,,,,,,,,,,,,,,,,,,,,,,,,,,,
2024-05-13 15:34:00-04:00,,,,,,,,,,,,,,,,,,,,,,,,,,,,,,,2.3299999237060547,,,,,,,,,,,,,,,,,,,,,,,,,,,,,,,,,,,,,,,,,,,,,,,,,,,,,,,,,
2024-05-13 15:36:00-04:00,,,0.009999999776482582,,,,0.009999999776482582,,,,,,,,,,,,,,,,,,,,,,,,,,,,,,,,,,,,,,,,,,,,,,,,,,,,,,,,,,,,,,,,,,,,,,,,,,,,,,,,,
2024-05-13 15:38:00-04:00,,,,0.14000000059604645,,,,0.18000000715255737,,,,,,,,,,,,,,,,,,,,,,,,,,,,,,,,,,,,,,,,,,,,,,,,,,,,,,,,,,,,,,,,,,,,,,,,,,,,,,,,
2024-05-13 15:39:00-04:00,,,,0.15000000596046448,,,0.019999999552965164,,,,,,,,,,,,,,,,,,,,,,,,,,,,,,,,,,,,,,,,,,,,,,,,,,,,,,,,,,,,,,,,,,,,,,,,,,,,,,,,,
2024-05-13 15:40:00-04:00,,,,0.15000000596046448,,,0.019999999552965164,,,,,,,,,,,,,,,,,,,,,,,,,,,,,,,,,,,,,,,,,,,,,,,,,,,,,,,,,,,,,,,,,,,,,,,,,,,,,,,,,
2024-05-13 15:41:00-04:00,,,,0.15000000596046448,,,,,,,,,,,,,,,,,,,,,,,,,,,,,,,,,,,,,,,,,,,,,,,,,,,,,,,,,,,,,,,,,,,,,,,,,,,,,,,,,,,,
2024-05-13 15:42:00-04:00,,,,0.15000000596046448,,,,,,,,,,0.2199999988079071,,,,,,,,,,,,,,,,,,,,,,,,,,,,,,,,,,,,,,,,,,,,,,,,,,,,,,,,,,,,,,,,,,,,,,,,,,
2024-05-13 15:43:00-04:00,,,,,,,,,,,1.3200000524520874,,,,,,,,,,,,,,,,,,,,,,,0.46000000834465027,,,,,,,,,,,,,,,,,,,,,,,,,,,,,,,,,,,,,,,,,,,,,,,,,,,,,,
2024-05-13 15:46:00-04:00,,,,0.15000000596046448,,,,,,,,,,,,,,,,,,,,,,,,,,,,,,,,,,,,,,,,,,,,,,,,,,,,,,,,,,,,,,,,,,,,,,,,,,,,,,,,,,,,
2024-05-13 15:48:00-04:00,,,,0.15000000596046448,0.550000011920929,,,,,,,,,,,,,,,,,,,,,,,,,,,,,,,,,,,,,,,,,,,,,,,,,,,,,,,,,,,,,,,,,,,,,,,,,,,,,,,,,,,
2024-05-13 15:49:00-04:00,,,,0.15000000596046448,,,,,,,,,,,,,,,,,,,,,,,,,,,,,,,,,,,,,,,,,,,,,,,,,,,,,,,,,,,,,,,,,,,,,,,,,,,,,,,,,,,,
2024-05-13 15:50:00-04:00,,,,,,,0.019999999552965164,,,,,,,,,,,,,,,,,,,,,,,,,,,,,,,,,,,,,,,,,,,,,,,,,,,,,,,,,,,,,,,,,,,,,,,,,,,,,,,,,
2024-05-13 15:52:00-04:00,,,,0.1599999964237213,,,,,,,,,,,,,,,,,,,,,,,,,,,,,,,,,,,,,,,,,,,,,,,,,,,,,,,,,,,,,,,,,,,,,,,,,,,,,,,,,,,,
2024-05-13 15:53:00-04:00,,,,,,,,,,,,,,,,,,,,,,,,,,,,,,,,,,,,,,,,,,,,,,,,,,,,,,,,,,0.550000011920929,,,,,,,,,,,,,,,,,,,,,,,,,,,,,,
2024-05-13 15:54:00-04:00,,,,,,,,,,,,,,,,,,,,,,,,,,,,,,,,,,,,,,,,,,,,,,,,,,,,,,,,,,,,,,,,,,,,,1.25,,,,,,,,,,,,,,,,,,,
2024-05-13 15:55:00-04:00,,,,0.1599999964237213,,,,,,,,,,,,,,,,,,,,,,0.30000001192092896,,,,,,,,,,,,,,,,,,,,,,,,,,,,,,,,,,,,,,,,,,,,,,,,,,,,,,,,,,,,,,
2024-05-13 15:56:00-04:00,,,,,,,,,,,,,,,,,,,,,,,,,,,,,,,,,,,,,,0.12999999523162842,,,,,,,,,,,,,,,,,,,,,,,,,,,,,,,,,,,,,,,,,,,,,,,,,,
2024-05-13 15:57:00-04:00,,,,0.1599999964237213,,,,,,,,,,,,,,,,,,,,,,,,,,,,,,,,,,,,,,,,,,,,,,,,,,,,,,,,,,,,,,,,,,,,,,,,,,,,,,,,,,,,
2024-05-13 15:58:00-04:00,,,,,,,0.019999999552965164,,,,,,,,,,,,,,,,,,,,,,,,,,,,,,,,,,,,,,,,,,,,,,,,,,,,,,,,,,,,,,,,,,,,,,,,,,,,,,,,,
2024-05-13 15:59:00-04:00,,,,0.1599999964237213,,,,,,,,,,,,,,,,,,,,,,,,,,,,,,,,,,,,,,,,,,,,,,,,,,,,,,,,,,,,,,,,,,,,,,,,,,,,,,,,,,,,
2024-05-14 09:31:00-04:00,,,,0.07000000029802322,0.3400000035762787,,0.019999999552965164,0.10999999940395355,0.3199999928474426,,,,0.03999999910593033,0.23999999463558197,0.8600000143051147,,0.07000000029802322,,,,,,,,,0.1899999976158142,0.6899999976158142,1.100000023841858,,,,,0.4000000059604645,,,,,,,,,,,,,,,,,,,,,,,,0.30000001192092896,,,,,,,,,,,,1.0499999523162842,,,,,,,,,,,,,,,,,,,
2024-05-14 09:32:00-04:00,,,,,0.33000001311302185,,,,0.4000000059604645,,,,,,,,,,,,,,,,,,,,,,,,,,,,,,,,,,,,,,,,,,,,,,,,,,,,,,,,,,,,,,,,,,,,,,,,,,,,,,,
2024-05-14 09:33:00-04:00,,,,0.10000000149011612,0.5,0.7799999713897705,0.019999999552965164,,,,,,,,,,,,,,,,,,,,,,,,,,,,,,,,,,,,,,,,,,0.4000000059604645,,,,,,,,0.25999999046325684,,,,,,,,,,,,,,,,,,,,,,,0.6000000238418579,,,,,,,,
2024-05-14 09:34:00-04:00,,0.009999999776482582,0.009999999776482582,0.09000000357627869,,,0.019999999552965164,0.1899999976158142,,,,,,0.25999999046325684,0.5799999833106995,,,,,,,,,,0.10999999940395355,0.18000000715255737,0.7400000095367432,1.0,,,,,,,,,,,,,,,,,,,,0.25,,1.100000023841858,,,,,,,,,,,,,,0.10000000149011612,,,,,,,,,,,,,,,,0.6499999761581421,,,,,,,,
2024-05-14 09:35:00-04:00,,,,0.10999999940395355,,,,0.23999999463558197,0.5699999928474426,,,,0.07999999821186066,,,,,0.5,,,,,,,0.03999999910593033,0.4399999976158142,,,,,,,,,,,,,,,,,,,,,,,,,,,,,,,,0.5,,,,,,,,,,,,,,,,,,,,,,,,,,,,,,
2024-05-14 09:36:00-04:00,,,0.029999999329447746,,0.5699999928474426,1.1799999475479126,0.029999999329447746,0.33000001311302185,,1.2000000476837158,,,,0.5400000214576721,,,,,,,,,,,,0.33000001311302185,0.8100000023841858,,,,,,,,,,0.10000000149011612,,,,,,,,,,,,,,,,,,,,,,,,,,,,,,,,,,,,,,,,,,,,,,,,,,,
2024-05-14 09:37:00-04:00,,0.009999999776482582,0.019999999552965164,0.15000000596046448,0.550000011920929,1.0399999618530273,,,,,,,0.05999999865889549,,,,,,,,,,,,,0.46000000834465027,0.8199999928474426,,,,,,,,,,,0.20999999344348907,,,,,,,,,,,,,,,,,,,,,,,,,,,,0.5099999904632568,,,,,,,,,,,,,,,,,,,,,,
2024-05-14 09:38:00-04:00,,,0.009999999776482582,0.1599999964237213,0.6100000143051147,0.9900000095367432,,,,,,,0.07000000029802322,,,,,,,,,,,,,,,,,,,,,,,,,,,,,,,,,,,,,,,,,,,,,,,,,,,,,,,,,,,,,,,,,,,,,,,,,,,
2024-05-14 09:39:00-04:00,,,0.009999999776482582,0.14000000059604645,0.6499999761581421,,,0.3499999940395355,,,,,,,,,,,,,,,,,0.11999999731779099,,,,,,,,,,,,,,,,,,,,,,,0.25,,,,,,,,,0.30000001192092896,,,,,,,0.10000000149011612,,,,,,,,,,,,,,,,,,,,,,,,
2024-05-14 09:40:00-04:00,,,,,0.6000000238418579,,,,,,,,0.05000000074505806,,,,,,,,,,,,,,0.7699999809265137,,,,,,0.25,,,,,,,,,,,,,,,0.30000001192092896,,,,,,,,,,,,,,,,,,0.5,,,,,,,,,,,,,,,,,,,,,,
2024-05-14 09:41:00-04:00,,,0.019999999552965164,0.15000000596046448,0.5899999737739563,,0.019999999552965164,0.3199999928474426,,,,,,,,,,,,,,,,,,0.4099999964237213,,,,,,,,,,,,,,,,,,,,,,,,,,,,,,,,,,,,,,,,,,,,,,,,,,,,,,,,,,,,,,
2024-05-14 09:42:00-04:00,,0.009999999776482582,0.03999999910593033,0.15000000596046448,0.6000000238418579,1.100000023841858,0.019999999552965164,0.30000001192092896,0.7099999785423279,,,,,,,,0.20999999344348907,,,,,,,,,,,,,,,,,,,,,,,,,,,,,,,,,,,,,,,,,,,,,,,,,,,,,,,,,,,,,,,,,,,,,,,
2024-05-14 09:43:00-04:00,,0.009999999776482582,0.03999999910593033,0.17000000178813934,0.6100000143051147,,,0.30000001192092896,,,,,,,,,,,,,,,,,,,,,,,,,,,,,,,,,,,,,,,,,,,,,,,,,,,,,,,,,,,,,,,,,,,,,,,,,,,,,,,,
2024-05-14 09:44:00-04:00,,,0.009999999776482582,0.17000000178813934,0.6000000238418579,1.059999942779541,0.029999999329447746,,,,,,,,,,,,,,,,,,,0.4099999964237213,,,,,,,,,,,,,,,,,,,,,,,,,,,,,,,,,,,,,,,,,,,,,,,,,,,,,,,,,,,,,,
2024-05-14 09:45:00-04:00,,,0.009999999776482582,0.1599999964237213,0.5699999928474426,,0.019999999552965164,0.30000001192092896,,,,,,,1.0399999618530273,,,,,,,,,,,,,,,,,,0.25,,,,,,,,,,,,,,,,,,,,,,,,,,,,,,,,,,,,,,,,,,,,,,,,,,,,,,,
2024-05-14 09:46:00-04:00,,,0.009999999776482582,0.15000000596046448,,,0.019999999552965164,,0.7799999713897705,,,,0.05000000074505806,,,,,,,,,,,,,,,,,,,,,,,,,,,,,,,,,,,,,,,,,,,,,,,,,,,,,,,,,,,,,,,,,,,,,,,,,,,
2024-05-14 09:47:00-04:00,,,0.009999999776482582,0.20000000298023224,0.6200000047683716,,,,,,,,,,,,,,0.7599999904632568,,0.5299999713897705,,,,,,,,,,,,,,,,,,,,,,,,,,,,,,,,,,,,,,,,,,,,,,,,,,,,,,,,,,,,,,,,,,,
2024-05-14 09:48:00-04:00,,,0.009999999776482582,0.18000000715255737,0.6000000238418579,,,0.28999999165534973,,,,,,,,,,0.4000000059604645,,,,,,,0.17000000178813934,,,,,,,,,,,,,,0.5199999809265137,,,,,,,,,,,,,,,,,,,,,,,,,,,,,,,,,,,,,,,,,,,,,,,,,
2024-05-14 09:49:00-04:00,,,0.009999999776482582,0.15000000596046448,0.5699999928474426,,0.019999999552965164,,,,,,0.03999999910593033,,,,,,,,,,,,,,,,,,,,,,,,,,,,,,,,,,,,,,,,,,,,,,,,,,,,,,,,,,,,,,,,,,,,,,,,,,,
2024-05-14 09:50:00-04:00,,,0.009999999776482582,0.15000000596046448,0.5400000214576721,,,0.25999999046325684,,,,,,,,,,,,,,,,,,,,,,,,,,,,,,,,,,,,,,,,,,,,,,,,,,,,,,,,,,,,,,,,,,,,,,,,,,,,,,,,
2024-05-14 09:51:00-04:00,,,0.009999999776482582,0.15000000596046448,0.5299999713897705,0.9800000190734863,0.019999999552965164,,0.6000000238418579,,,,,,,,,0.38999998569488525,,,,,,,0.18000000715255737,,,,,,,,,,,,,,,,,,,,,,,,,,,,,,,,,,,,,,,,,,,,,,,,,,,,,,,,,,,,,,,
2024-05-14 09:52:00-04:00,,,,0.15000000596046448,0.5,,,0.2800000011920929,,,,,0.03999999910593033,,,,,,,,,,,,,,,,,,,,,,,,,,,,,,,,,,,,,,,,,,,,,,,,,,,,,,,,,,,,,,,,,,,,,,,,,,,
2024-05-14 09:53:00-04:00,,,0.009999999776482582,0.12999999523162842,0.5,,,0.23999999463558197,0.5799999833106995,,,,,,,,,,,,,,,,,,0.75,,,,,,,,,,,,,,,,,,,,,0.30000001192092896,,,,,,,,,,,,,,,,,,,,,,,,,,,,,,,,,,,,,,,,
2024-05-14 09:54:00-04:00,,,0.009999999776482582,0.11999999731779099,0.5,,,,0.5899999737739563,,,,,,,,,,,,,,,,0.18000000715255737,0.4099999964237213,,,,,,,,,,,,,,,,,,,,,,,,,,,,,,,,,,,,,,,,,0.699999988079071,,,,2.0,,,,,,,,,,,,,,,,,
2024-05-14 09:55:00-04:00,,,,0.12999999523162842,0.4300000071525574,,,,,,,,,,,,,,,,,,,,,,,,,,,,,,,,,,,,,,,,,,,,,,,,,,,,,1.090000033378601,,,,,,,,,,,,,,,,,,,,,,,,,,,,,,
2024-05-14 09:56:00-04:00,,,0.009999999776482582,,0.4699999988079071,,,0.23000000417232513,,,,0.009999999776482582,0.03999999910593033,,,,,,,,,,,,,,,,,,,,,,,,,,,,,,,,,,,,,,,,,,,,,,,,,,,,,,,,,,,,,,,,,,,,,,,,,,,
2024-05-14 09:57:00-04:00,,,,0.10000000149011612,,,,,0.5699999928474426,,,,,,,,,,,,,,,,,,,,,,,,,,,,,,,,,,,,,,,,,,,,,,,,,,,,,,,,,,,,,,,,,,,,,,,,,,,,,,,
2024-05-14 09:58:00-04:00,,,,,0.5,,,,,,,,,,,,,,,,,,,,,,,,,,,,,,,,,,,,,,,,,,,,,,,,,,,,,,,,,,,,,,,,,,,,,,,,,,,,,,,,,,,
2024-05-14 09:59:00-04:00,,,,0.14000000059604645,,0.949999988079071,,,,,,,,0.5299999713897705,0.7400000095367432,,,,,,,,,,0.1599999964237213,,,,,,,,,,,,,,,,,,,,,,,,,,,,,,,,,,,,,,,,,,,,,,,,,,,,,,,,,,,,,,,
2024-05-14 10:00:00-04:00,,,,0.11999999731779099,,,,0.2199999988079071,,,,,,,,,,,,,,,,,,,,,,,,,,,,,,,,,,,,,,,,,,,,,,,,,,,,,,,,,,,,,,,,,,,,,,,,,,,,,,,,
2024-05-14 10:01:00-04:00,,,,0.10999999940395355,,,,0.23000000417232513,,0.9300000071525574,,,,,0.6600000262260437,,,,,,,,,,0.18000000715255737,,,1.100000023841858,,,,,,,,,,,,,,,,,,,,,,,,,,,,,,,,,,,,,,,,,,,,,,,,,,,,,,,,,,,,
2024-05-14 10:02:00-04:00,,,0.009999999776482582,,0.46000000834465027,0.8799999952316284,0.019999999552965164,,,,2.3399999141693115,,0.05000000074505806,,,,,0.4000000059604645,,,,,,,0.17000000178813934,,,,,,,,,,,,,,,,,,,,,,,,,,,,,,,,,,,,,,,,,,,,,,,,,,,,,,,,,,,,,,,
2024-05-14 10:03:00-04:00,,,,0.10999999940395355,0.46000000834465027,,,0.23999999463558197,,,,,,0.3700000047683716,,,,,,,,,,,,0.3400000035762787,,,,,,,,,,,,,,,,,,,,,,,,,,,,,,,,,,,,,,,,,,,,,,,,,,,,,,,,,,,,,,
2024-05-14 10:04:00-04:00,,,,,,0.8999999761581421,,,,0.9900000095367432,,,,,,,,,,,,,,,,,0.800000011920929,,,,,,,,,,,0.3199999928474426,,,,,,,,,,,,,,,,,,,,,,,,,,,,,,,1.350000023841858,,,,,,,,,,,,,,,,,,,
2024-05-14 10:05:00-04:00,,,0.009999999776482582,,0.4699999988079071,0.9300000071525574,,,,,,,,,,,,,,,,,,,0.20999999344348907,,,,,,,,,,,,,,,,,,,,,,,,,,,,,,,,,,,,,,,,,,,,,,,,,,,,,,,,,,,,,,,
2024-05-14 10:06:00-04:00,,,,0.12999999523162842,,0.8999999761581421,0.029999999329447746,0.23999999463558197,,,,,,,,,,,,,,,,,,0.5,,,,,,,,,,,,,,,,,,,,,,,,,,,,,,,,,,,,,,,,,,,,,,,,,,,,,,,,,,,,,,
2024-05-14 10:07:00-04:00,,,,0.12999999523162842,0.49000000953674316,,,0.23999999463558197,,1.0499999523162842,,,0.05000000074505806,0.3400000035762787,,,,,,,,,,,,,,,,,,,,,,,,,,,,,,,,,,,,,,,,,,,,,,,,,,,,,,,,,,,,,,,,,,,,,,,,,,
2024-05-14 10:08:00-04:00,,,0.009999999776482582,0.10000000149011612,0.4399999976158142,,,,0.6000000238418579,,,,,,,,,,,,,,,,,,,,,,,,,,,,,,,,,,,,,,,,,,,,,,,,,,,,,,,,,,,,,,,,,,,,,,,,,,,,,,,
2024-05-14 10:09:00-04:00,,,,0.10999999940395355,,,,,0.5699999928474426,,,,0.03999999910593033,,,,,,,,0.38999998569488525,,,,,,,,,,,,,,,,,,,,,,,,,,,,0.5899999737739563,,,,,,,,,,,,,,,,,,,,,,,,,,,,,,,,,,,,,,,
2024-05-14 10:10:00-04:00,,,,,0.47999998927116394,,,0.25,,,,,,,,,,,,,,,,,,0.5,,,,,,,,,,,,,,,,,,,,,,,,,,,,,,,,,,,,,,,,,,,,,,,,,,,,,,,,,,,,,,
2024-05-14 10:11:00-04:00,,,,0.10000000149011612,,0.8399999737739563,0.029999999329447746,,0.5699999928474426,,,0.009999999776482582,,,,,,,,,,,,,,,,,,,,,,,,,,,,,,,,,,,,,,,,,,,,,,,,,,,,,,,,,,,,,,,,,,,,,,,,,,,,
2024-05-14 10:12:00-04:00,,,,0.09000000357627869,0.44999998807907104,,,,0.5699999928474426,,,,,0.28999999165534973,,,,,,,,,,,,,,,,,,,,,,,,,,,,,,,,,,,,,,,,,,,,,,,,,,,,,,,,,,,,,,,,,,,,,,,,,,
2024-05-14 10:13:00-04:00,,,,0.09000000357627869,0.44999998807907104,,0.029999999329447746,,,,,,,,,,,,,,,,,,,,,,,,,,,,,,,,,,,,,,,,,,,,,,,,,,,,,,,,,,,,,,,,,,,,,,,,,,,,,,,,,
2024-05-14 10:14:00-04:00,,,,,0.4300000071525574,,,0.2199999988079071,,,,,,,,,,,,,,,,,,,,,,,,,,,,,,,,,,,,,,,,,,,,,,,,,,,,,,,,,,,,,,,,,,,,,,,,,,,,,,,,
2024-05-14 10:15:00-04:00,,,,0.09000000357627869,0.44999998807907104,,,,,0.9900000095367432,,,,0.30000001192092896,,,0.18000000715255737,,,,,,,,,,0.9599999785423279,,,,,,,,,,,,,,,,,,,,,,,,,,,,,,,,,,,,,,,,,,,,,,,,,,,,,,,,,,,,,
2024-05-14 10:16:00-04:00,,,,0.07000000029802322,0.41999998688697815,,,0.23000000417232513,,0.9900000095367432,,,,,,,,,,,,,,,,0.550000011920929,,,,,,,,,,,,,,,,,,,,,,0.4000000059604645,,,,,,,,,,,,,,,,,,,,,,,,,,,,,,,,,,,,,,,,
2024-05-14 10:17:00-04:00,,,,0.07999999821186066,0.41999998688697815,,0.029999999329447746,,,,,,,0.30000001192092896,,,,0.4000000059604645,,,,,,,,,,,,,,,,,,,,,,,,,,,,,,,,,,,,,,,,,,,,,,,,,,,,,,,,,,,,,,,,,,,,,,
2024-05-14 10:18:00-04:00,,,,0.07000000029802322,,,,0.2199999988079071,,,,,0.029999999329447746,0.3199999928474426,,,,0.3700000047683716,,,,,,,,,,1.2100000381469727,,,,,,,,,,,,,,,,,,,,,,,,,,,,,,,,,,,,,,,,,,,,,,,,,,,,,,,,,,,,
2024-05-14 10:19:00-04:00,,,0.009999999776482582,0.07999999821186066,0.38999998569488525,,,0.2199999988079071,,,,,,,,,,,,,,,,,,,,,,,,,,0.44999998807907104,,,,,,,,,,,,,,,0.6000000238418579,,,,,,,,,,,,,,,,,,,,,,,,,,,,,,,,,,,,,,,
2024-05-14 10:20:00-04:00,,,,,,0.8500000238418579,,,,,,,,,,,,,,,,,,,,,,,,,,,,,,,,,,,,,,,,,,,,,,,,,,,,,,,,,,,,,,,,,,,,,,,,,,,,,,,,,,
2024-05-14 10:21:00-04:00,,,0.009999999776482582,0.07999999821186066,0.4099999964237213,,,0.23999999463558197,0.5799999833106995,,,,0.03999999910593033,0.3199999928474426,,,,,,,,,,,,0.5199999809265137,,,,,,,,,,,,,,,,,,,,,,,,,,,,,,,,,,,,,,,,,,,,,,,,,,,,,,,,,,,,,,
2024-05-14 10:22:00-04:00,,,,0.10000000149011612,0.4399999976158142,0.8700000047683716,,,,,,0.009999999776482582,,,0.7200000286102295,,,,,,,,,,,,,,,,,,,,,,,,,,,,,,,,,,,,,,,,,,,,,,,,,,,,,,,,,,,,,,,,,,,,,,,,,
2024-05-14 10:23:00-04:00,,,,,,,,,0.5899999737739563,,,,,,,,,,,,,,,,,,,,,,,,,,,,,,,,,,,,,,,,,,,,,,,,,,,,,,,,,,,,,,,,,,,,,,,,,,,,,,,
2024-05-14 10:24:00-04:00,,,,0.10000000149011612,0.4300000071525574,,0.019999999552965164,,,,,,0.05000000074505806,,,,,,,,,,,,0.25999999046325684,,,,,,,,,,,,,,,,,,,,,,,,,,,,,,,,,,,,,,,,,,,,,,,,,,,,,,,,,,,,,,,
2024-05-14 10:25:00-04:00,,,0.009999999776482582,0.09000000357627869,0.4099999964237213,0.8299999833106995,,,,,,,,0.30000001192092896,,,,,,,,,,,,,,,,,,,,,,,,,,,,,,,,,,,,,,,,,,,,,,,,,,,,,,,,,,,,,,,,,,,,,,,,,,
2024-05-14 10:26:00-04:00,,,,0.07999999821186066,0.4000000059604645,,0.029999999329447746,,,,,,0.05000000074505806,,,,,,,,,,,,,,,,,,,,,,,,,,,,,,,,,,,,,,,,,,,,,,,,,,,,0.49000000953674316,,,,,,,,,,,,,,,,,,,,,,,
2024-05-14 10:27:00-04:00,,,,,0.3499999940395355,0.800000011920929,,,,,,,,,,,,,,,,,,,,,,,,,,,,,,,,,,,,,,,,,,,,,,,,,,,,,,,,,,,,,,,,,,,,,,,,,,,,,,,,,,
2024-05-14 10:28:00-04:00,,,,0.05999999865889549,,,,0.2199999988079071,,,,,,,,,,,0.7699999809265137,,,,,,,,,,,,,,,,,,,,,,,,,,,,,,,,,,,,,,,,,,,,,,,,,,,,,,,,,,,,,,,,,,,,,
2024-05-14 10:29:00-04:00,,,,,0.3700000047683716,,,,,,,,,,,,,,,,,,,,,,,,,,,,,0.550000011920929,,,,,,,,,,,,,,,,,,,,,,,,,,,,,,,,,,,,,,,,,,,,,,,,,,,,,,
2024-05-14 10:30:00-04:00,,,,,0.3700000047683716,,,,,,,,,,,,,,,,,,,,0.23000000417232513,0.5299999713897705,,,,,,,,,,,,,,,,,,,,,,,,,,,,,,,,,,,,,,,,,,,,,,,,,,,,,,,,,,,,,,
2024-05-14 10:31:00-04:00,,,,0.07999999821186066,0.3499999940395355,,,,,0.8899999856948853,,,,,,,,,,,,,,,,,,,,,,,,0.550000011920929,,,,,,,,,,,,,0.17000000178813934,,,,,,,,,,,,,,,,,,,,,,,,,,,,,,,,,,,,,,,,,
2024-05-14 10:32:00-04:00,,,,,,0.7599999904632568,,,,,,,,,,,,,,,,,,,,,,,,,,,,,,,,,,,,,,,,,,,,,,,,3.0,,,,,,,,,,,,,,,,,,,,,,,,,,,,,,,,,,
2024-05-14 10:33:00-04:00,,,,0.07000000029802322,0.3499999940395355,0.7599999904632568,,,,,,,,,,,,,,,,,,,,,,,,,,,,,,,,,,,,,,,,,,,,,,,,,,,,,,,,,,,,,0.8399999737739563,,,,,,,,,,,,,,,,,,,,,
2024-05-14 10:34:00-04:00,,,,0.05999999865889549,,0.7099999785423279,0.019999999552965164,0.20000000298023224,0.5199999809265137,,,,,,,,0.15000000596046448,0.41999998688697815,,,0.38999998569488525,,,,0.23999999463558197,,0.75,1.1399999856948853,,,,,,,,,,,,,,,,,,,,,,,,,,,,,,,,,,,,,,,,,,,,,,,,,,,,,,,,,,,,
2024-05-14 10:35:00-04:00,,,,,0.3400000035762787,,,,,,,,,,,,,,,,,,,,,,,,,,,,,,,,,,,,,,,,,,,,,,,,,,,,,,,,,,,,,,,,,,,,,,,,,,,,,,,,,,,
2024-05-14 10:36:00-04:00,,,,0.07000000029802322,0.3799999952316284,,,0.1899999976158142,,0.9599999785423279,,,,,0.6200000047683716,,,,,0.30000001192092896,,0.6499999761581421,,,0.25999999046325684,,,,,,,,,,,,,,,,,,,,,,,,,,,,,,,,,,,,,,,,,,,,,,,,,,,,,,,,,,,,,,,
2024-05-14 10:37:00-04:00,,,,,,,,,0.5400000214576721,,,,,,,,,,,,,,,,,,,,,,,,,,,,,,,,,,,,,,,,,,,,,,,,,,,,,,,,,,,,,,,,,,,,,,,,,,,,,,,
2024-05-14 10:38:00-04:00,,,,0.07000000029802322,,,,,,,,,,,,,,,,,,,,,,,,,,,,,,,,,,,,,,,,,,,,,,,,,,,,,,,,,,,,,,,,,,,,,,,,,,,,,,,,,,,,
2024-05-14 10:39:00-04:00,,,,0.07000000029802322,,,,,0.5600000023841858,0.9800000190734863,,,0.03999999910593033,,0.699999988079071,,,,,,,,,,,0.46000000834465027,,,,,,,,,,,,,,,,,,,,,,,,,,,,,,,,,,,,,,,,,,,,,,,,,,,,,,,,,,,,,,
2024-05-14 10:40:00-04:00,,,,0.05999999865889549,0.3700000047683716,,,0.20000000298023224,,,,,0.03999999910593033,,,,,,,,,,,,,,,,,,,,,,,,,,,,,,,,,,,,,,,,,,,,,,,,,,,,,,,,,,,,,,,,,,,,,,,,,,,
2024-05-14 10:41:00-04:00,,,,,0.3700000047683716,0.7799999713897705,,0.1899999976158142,,,,,,0.30000001192092896,,,,,,,,,,,,,,,,,,,,,,,,,,,,,,,,,,,,,,,,,,,,,,,,,,,,,,,,,,,,,,,,,,,,,,,,,,
2024-05-14 10:42:00-04:00,,,0.009999999776482582,,,0.7799999713897705,,,,,,,,,,,,,,,,,,,,,0.7599999904632568,,,,,,,,,,,,0.550000011920929,,,,,,,,,,,,,,,,,,,,,,,,,,,,,,,,,,,,,,,,,,,,,,,,,
2024-05-14 10:43:00-04:00,,,0.009999999776482582,0.07000000029802322,0.3700000047683716,,,0.1899999976158142,,,,,,,,,,,,,,,,,,,,,,,,,,,,,,,,,,,,,,,,0.3799999952316284,,,,,,,,,,,,,,,,,,,,,,,,,,,,,,,,,,,,,,,,
2024-05-14 10:44:00-04:00,,,0.009999999776482582,0.07000000029802322,,0.7799999713897705,,,0.5400000214576721,,,,,,,,,0.38999998569488525,,,,,,,,,,,,,,,,,,,,,,,,,,,,,,,,,,,,,,,,,,,,,,,,,,,,,,,,,,,,,,,,,,,,,,
2024-05-14 10:45:00-04:00,,,,0.05999999865889549,,,,0.18000000715255737,,,,,,0.30000001192092896,,,,,,,,,,,,,,,,,,,,,,,,,,,,,,,,,,,,,,,,,,,,,,,,,,,,,,,,,,,,,,,,,,,,,,,,,,
2024-05-14 10:46:00-04:00,,,,,0.3499999940395355,,,,,,,,,,,,,,,,,,,,,,,,,,,,,,,,,,,,1.2100000381469727,,,,,,,,,,,,,,,,,,,,,,,,,,,,,,,,,,,,,,,,,,,,,,,
2024-05-14 10:47:00-04:00,,,,0.03999999910593033,,,,,,0.9399999976158142,,,,,,,,,,,,,,,,,,,,,,,,,,,,,,,,,,,,,,,,,,,,,,,,,,,,,,,,,,,,,,,,,,,,,,,,,,,,,,
2024-05-14 10:48:00-04:00,,,,,0.3400000035762787,0.7599999904632568,,,,,,,,,,,,,,,,,,,,,,,,,,,,,,,,,,,,,,,,,,,,,,,,,,,,,,,,,,,,,,,,,,,,,,,,,,,,,,,,,,
2024-05-14 10:49:00-04:00,,,0.009999999776482582,0.05999999865889549,,,,,,,,,,,,,,,,,,,,,,,,,,,,,,,,,,,,,,,,,,,,,,,,,,,,,,,,,,,,,,,,,,,,,,,,,,,,,,,,,,,,
2024-05-14 10:50:00-04:00,,,,,,,,,,,,,,,0.6399999856948853,,,,,0.23000000417232513,,,,,0.23000000417232513,,,,,,,,,,,,,,,,,,,,,,,,,,,,,,,,,,,,,,,,,,,,,,,,,,,,,,,,,,,,,,,
2024-05-14 10:51:00-04:00,,,,,0.3199999928474426,,,0.15000000596046448,,,,,,0.28999999165534973,,,,,,,,,,,,,,,,,,,,,,,,,,,,,,,,,,,,,,,,,,,,,,,,,,,,,,,,,,,,,,,,,,,,,,,,,,
2024-05-14 10:52:00-04:00,,,,,0.3199999928474426,,,,,,,,,,,,,,,,,,,,,,,,,,,,,,,,,,,,,,,,,,,,,,,,,,,,,,,,,,,,,,,,,,,,,,,,,,,,,,,,,,,
2024-05-14 10:53:00-04:00,,,,0.05000000074505806,0.3400000035762787,,,0.1599999964237213,,0.9300000071525574,,,,,0.6399999856948853,,,,,,,,,,,,,,,,,,,,,,,,,,,,,,,,,,,,,,,,,,,,,,,,,,,,,,,,,,,,,,,,,,,,,,,,,
2024-05-14 10:55:00-04:00,,,,,0.3400000035762787,,,,0.47999998927116394,,,,,,0.6299999952316284,,,,,,,,,,,,,,,,,,,,,,,,,,,,,,,,,,,,,,,,,,,,,,,,,,,,,,,,,,,,,,,,,,,,,,,,,
2024-05-14 10:56:00-04:00,,,,0.05000000074505806,,0.75,0.019999999552965164,0.1599999964237213,,,,,,,,,,,,,,,,,,,,,,,,,,,,,,,,,,,,,,,,,,,,,,,,,,,,,,,,,,,,,,,,,,,,,,,,,,,,,,,,
2024-05-14 10:57:00-04:00,,,,,0.3400000035762787,0.7799999713897705,,,,,,,,,0.6299999952316284,,,,,,,,,,,,,,,,,,,,,,,,,,,,,,,,,,,,,,,,,,,,,,,,,,,,,,,,,,,,,,,,,,,,,,,,,
2024-05-14 10:58:00-04:00,,,,,0.3700000047683716,0.7699999809265137,,0.18000000715255737,0.5099999904632568,,,,,,,,,,,,,,,,0.20000000298023224,,,,,,,,,,,,,0.5899999737739563,,,,,,,,,,,,,,,,,,,,,,,,,,,,,,,,,,,,,,,,,,,,,,,,,,
2024-05-14 10:59:00-04:00,,,0.009999999776482582,,,,,,,0.9399999976158142,,,0.03999999910593033,,0.6499999761581421,,,,,,,,,,,0.4300000071525574,,,,,,,,,,,,,,,,,,,,,,,,,,,,,,,,,,,,,,,,,,,,,,,,,,,,,,,,,,,,,,
2024-05-14 11:00:00-04:00,,,,,0.3499999940395355,,,,,,,,,0.27000001072883606,,,,,,,,,,,,0.41999998688697815,,,,,,,,,,,,,,,,,,,,,,,,,,,,,,,,,,,,,,,,,,,,,,,,,,,,,,,,,,,,,,
2024-05-14 11:01:00-04:00,,,,0.05999999865889549,,0.7699999809265137,,,,,,,,,,,,,,,,,,,,,,,,,,,,,,,,,,,,,,,,,,,,,,,,,,,,,,1.2300000190734863,,,,,,,,,,,,,,,,,,,,,,,,,,,,
2024-05-14 11:02:00-04:00,,,,,,,,,,,,,,,,,,0.36000001430511475,,,,,,,,,,,,,,,,,,,,,,,,,,,,,,,,,,,,,,,,,,,,,,,,,,,,,,,,,,,,,,,,,,,,,,
2024-05-14 11:03:00-04:00,,,,0.05000000074505806,0.3100000023841858,0.75,,,,,,,0.03999999910593033,,,,,,,,,,,,,,,1.0499999523162842,,,,,,,,,,,,,,,,,,,,,,,,,,,,,,,,,,,,,,,,,,,,,,,,,,,,,,,,,,,,
2024-05-14 11:04:00-04:00,,,,,0.3400000035762787,0.7599999904632568,0.019999999552965164,,,,,,,0.25999999046325684,,,,,,,,,,,,,,,,,,,,,,,,,,,,,,,,,,,,,,,,,,,,,,,,,,,,,,,,,,,,,,,,,,,,,,,,,,
2024-05-14 11:05:00-04:00,,,,0.03999999910593033,,,,,,,,,,0.27000001072883606,,,,,,,,,,,0.18000000715255737,,,,,,,,,,,,,,,,,,,,,,,,,,,,,,,,,,,,,,,,,,,,,,,,,,,,,,,,,,,,,,,
2024-05-14 11:06:00-04:00,,,,,,,,0.15000000596046448,0.4699999988079071,,,,,,,,,,,,,,,,,,,,,,,,,,,,,,,,,,,,,,,,,,,,,,,,,,,,,,,,,,,,,,,,,,,,,,,,,,,,,,,
2024-05-14 11:07:00-04:00,,,,0.05000000074505806,0.3499999940395355,,,,0.47999998927116394,0.8999999761581421,,,,,,,,,,,,,,,0.1899999976158142,,,,,,,,,,,,,,,,,,,,,,,,,,,,,,,,,,,,,,,,,,,,,,,,,,,,,,,,,,,,,,,
2024-05-14 11:09:00-04:00,,,,0.05000000074505806,,0.7699999809265137,0.019999999552965164,,,,,,,0.2800000011920929,,,,,,,,,,,0.18000000715255737,0.41999998688697815,,,,,,,,,,,,,,,,,,,,,,,,,,,,,,,,,,,,,,,,,,,,,,,,,,,,,,,,,,,,,,
2024-05-14 11:10:00-04:00,,,0.009999999776482582,,0.33000001311302185,0.7699999809265137,,,,0.9100000262260437,,,,,,,,,,,,,,0.05000000074505806,0.1599999964237213,,,,,,,,,,,,,,,,,,,,,,,,,,,,,,,,,,,,,,,,,,,,,,,,,,,,,,,,,,,,,,,
2024-05-14 11:11:00-04:00,,,,,,,,0.15000000596046448,,,,,,0.23999999463558197,,,,,,,,,,,,0.4000000059604645,,,,,,,,,,,,,,,,,,,,,,,,,,,,,,,,,,,,,,,,,,,,,,,,,,,,,,,,,,,,,,
2024-05-14 11:12:00-04:00,,,,,,0.7699999809265137,,,,,,,0.03999999910593033,,,,,,,0.1599999964237213,,,,,,,,,,,,,,,,,,,,,,,,,,,,,,,,,,,,,,,,,,,,,,,,,,,,,,,,,,,,,,,,,,,,
2024-05-14 11:13:00-04:00,,,,,,0.7699999809265137,0.019999999552965164,,,,,,0.03999999910593033,,,,,,,,,,,,,,,,,,,,,,,,,,,,,,,,,,,,,,,,,,,,,,,,,,,,,,,,,,,,,,,,,,,,,,,,,,,
2024-05-14 11:14:00-04:00,,,,0.05999999865889549,,,,,,,,,,,,,,,,,,,,,,,,,,,,,,,,,,,,,,,,,,,,,,,,,,,,,,,,,,,,,,,,,,,,,,,,,,,,,,,,,,,,
2024-05-14 11:15:00-04:00,,,,,0.3499999940395355,,,,,,,,,,,,,,,,,,,,,,,,,,,,,,,,,,,,,,,,,,,,,,,,,,,,,,,,,,,,,,,,,,,,,,,,,,,,,,,,,,,
2024-05-14 11:16:00-04:00,,,0.009999999776482582,0.05000000074505806,,,,,,,,,,,,,,,,,,,,,,,,1.1100000143051147,,,,,,,,,,,,,,,,,,,,,,,,,,,,,,,,,,,,,,,,,,,,,,,,,,,,,,,,,,,,
2024-05-14 11:17:00-04:00,,,,0.05000000074505806,,,,0.18000000715255737,,,,,,,,,,,,,,,,,,,,,,,,,,,,,,,,,,,,,,,,,,,,,,,,,,,,,,,,,,,,,,,,,,,,,,,,,,,,,,,,
2024-05-14 11:18:00-04:00,,,,,0.36000001430511475,0.800000011920929,,,,,,,,,,,,,,,,,,,,,,,,,,,,,,,,,,,,,,,,,,,,,,,,,,,,,,,,,,,,,,,,,,,,,,,,,,,,,,,,,,
2024-05-14 11:19:00-04:00,,,,,,,,,,,,,,,,,,,,,,,,0.07000000029802322,,0.4300000071525574,0.7400000095367432,,,,,,,,,,,,,,,,,,,,,,,,,,,,,,,,,,,,,,,,,,,,,,,,,,,,,,,,,,,,,
2024-05-14 11:21:00-04:00,,,,,,,,,0.5099999904632568,,,,,0.30000001192092896,0.6499999761581421,,,,,,,,,,,,,,,,,,,,,,,,,,,,,,,,,,,,,,,,,,,,,,,,,,,,,,,,,,,,,,,,,,,,,,,,,
2024-05-14 11:22:00-04:00,,,,,0.36000001430511475,,,,,,,,,,,,,,,,,,,,,,,,,,,,,,,,,,,,,,,,,,,,,,,,,,,,,,,,,,,,,,,,,,,,,,,,,,,,,,,,,,,
2024-05-14 11:23:00-04:00,,,,0.05999999865889549,,,,,,,,,,,0.6499999761581421,,,,,,,,,,,,,,,,,,,,,,,,,,,,,,,,,,,,,,,,,,,,,,,,,,,,,,,,,,,,,,,,,,,,,,,,,
2024-05-14 11:24:00-04:00,,,,,0.3700000047683716,,,,,,,,,,,,,,,,,,,,,,,,,,,,,,,,,,,,,,,,,,,,,,,,,,,,,,,,,,,,,,,,,,,,,,,,,,,,,,,,,,,
2024-05-14 11:25:00-04:00,,,,,,,,,,,,,,,,,,,,0.1599999964237213,,,,0.07000000029802322,,,,,,,,,,,,,,,,,,,,,,,,,,,,,,,,,,,,,,,,,,,,,,,,,,,,,,,,,,,,,,,,
2024-05-14 11:26:00-04:00,,,0.009999999776482582,0.05999999865889549,0.3700000047683716,0.800000011920929,,,,,,,,,,,,,,,,,,,,,,,,,,,,,,,,,,,,,,,,,,,,,,,,,,,,,,,,,,,,,,,,,,,,,,,,,,,,,,,,,,
2024-05-14 11:27:00-04:00,,,,0.05999999865889549,0.36000001430511475,,,0.17000000178813934,0.5099999904632568,,,,,,,,,,,,,,,,,,,,,,,,,,,,,,,,,,,,,,,,,,,,,,,,,,,,,,,,,,,,,,,,,,,,,,,,,,,,,,,
2024-05-14 11:28:00-04:00,,,,,,,,,,,,,,,,,,,0.7400000095367432,,,,,,,,,,,,,,,,,,,,,,,,,,,,,,,,,,,,,,,,,,,,,,,,,,,,,,,,,,,,,,,,,,,,,
2024-05-14 11:29:00-04:00,,,,0.05000000074505806,0.36000001430511475,,,,,,,,,,,,,,,,,,,,,,,,,,,,,,,,,,,,,,,,,,,,,,,,,,,,,,,,,,,,,,,,,,,,,,,,,,,,,,,,,,,
2024-05-14 11:30:00-04:00,,,,,0.3499999940395355,,,,0.5099999904632568,,,,,,,,,,0.7300000190734863,,,,,,,,0.7200000286102295,,,,,,,,,,,,,,,,,,,,,,,,,,,,,,,,,,,,,,,,,,,,,,,,,,,,,,,,,,,,,
2024-05-14 11:32:00-04:00,,,,,0.36000001430511475,0.7799999713897705,,,0.5199999809265137,0.9399999976158142,,,,,,,,,,,,,,,,,,,,,,,,,,,,0.25999999046325684,,,,,,,,,,,,,,,,,,,,,,,,,,,,,,,,,,,,,,,,,,,,,,,,,,
2024-05-14 11:33:00-04:00,,,,,,,,,0.5099999904632568,,,,,,,,,,,,0.49000000953674316,,,,,,,,,,,,,,,,,,,,,,,,,,,,,,,,,,,,,,,,,,,,,,,,,,,,,,,,,,,,,,,,,,,
2024-05-14 11:34:00-04:00,,,,,,,,,,,,,,,,,,,,,,,,,,0.4099999964237213,0.7200000286102295,1.1200000047683716,,,,,,,,,,,,,,,,,,,,,,,,,,,,,,,,,,,,,,,,,,,,,,,,,,,,,,,,,,,,
2024-05-14 11:35:00-04:00,,,,,0.3700000047683716,,,0.18000000715255737,0.5299999713897705,0.9399999976158142,,,,,,,,0.3799999952316284,,,,,,,,,,,,,,,,,,,,,,,,,,,,,,,,,,,,,,,,,,,,,,,,,,,,,,,,,,,,,,,,,,,,,,
2024-05-14 11:36:00-04:00,,,,0.05999999865889549,,0.7900000214576721,,,,,,,,,,,,,,,0.4000000059604645,,,,,,,,,,,,,,,,,,,,,,,,,,,,,,,,,,,,,,,,,,,,,,,,,,,,,,,,,,,,,,,,,,,
2024-05-14 11:37:00-04:00,,,,,,,,,,,,,0.03999999910593033,,,,,,,,,,,,,,,,,,,,,,,,,,,,,,,,,,,,,,,,,,,,,,,,,,,,,,,,,,,,,,,,,,,,,,,,,,,
2024-05-14 11:38:00-04:00,,,,,0.3499999940395355,,0.019999999552965164,,,,,,,0.27000001072883606,,,,,,,,,,,,,0.7200000286102295,,,,,,,,,,,,,,,,,,,,,,,,,,,,,,,,,,,,,,,,,,,,,,,,,,,,,,,,,,,,,
2024-05-14 11:39:00-04:00,,,,0.05999999865889549,,,0.019999999552965164,,,,,,0.05999999865889549,,,,,,,,,,,,,,,,,,,,,,,,,,,,,,,,,,,,,,,,,,,,,,,,,,,,,,,,,,,,,,,,,,,,,,,,,,,
2024-05-14 11:40:00-04:00,,,,,,0.7799999713897705,,0.18000000715255737,,,,,,0.2800000011920929,,,,,,,,,,,,,0.7200000286102295,,,,,,,,,,,,,,,,,,,,,,,,,,,,,,,,,,,,,,,,,,,,,,,,,,,,0.8999999761581421,,,,,,,,,
2024-05-14 11:41:00-04:00,,,,,0.3700000047683716,,,,,,,,0.05000000074505806,,,,,,,,,,,,0.17000000178813934,,,,,,,,,,,,,,,,,,,,,,,,,,,,,,,,0.4000000059604645,,,,,,,,,,,,,,,,,,,,,,,,,,,,,,,
2024-05-14 11:42:00-04:00,,,,0.05999999865889549,0.3700000047683716,0.7900000214576721,,0.18000000715255737,,,,0.009999999776482582,,,0.6600000262260437,,,,,,,,,,,,,,,,,,,,,,,,,,,,,,,,,,,,,,,,,,,,,,,,,0.10000000149011612,,,,,,,,,,,,,,,,,,,,,,,,
2024-05-14 11:43:00-04:00,,,,,0.3799999952316284,0.800000011920929,,0.18000000715255737,,0.9700000286102295,,,,,,,,,,,,,,,,,,,,,,,,,,,,,,,,,,,,,,,,,,,,,,,0.4000000059604645,,,,,,,0.10000000149011612,,,,,,,,,,,,,,,,,,,,,,,,
2024-05-14 11:44:00-04:00,,,,0.05999999865889549,0.36000001430511475,,,,0.5600000023841858,0.9700000286102295,,,,,,,,,,,,,,,,0.41999998688697815,,,,,,,,,,,,,,,,,,,,,,,,,,,,,,,,,,,,,,,,,,,,,,,,,,,,,,,,,,,,,,
2024-05-14 11:45:00-04:00,,,,0.07000000029802322,,,,,,,,,0.07999999821186066,,,,,,,,,,,,,0.41999998688697815,0.75,,,,,,,,,,,,0.5299999713897705,,,,,,,,,,,,,,,,,,,,,,,,,,,,,,,,,,,,,,,,,,,,,,,,,
2024-05-14 11:46:00-04:00,,,,,0.3799999952316284,,,0.20000000298023224,0.5799999833106995,,,,0.07999999821186066,,,,,,,,,,,,,0.41999998688697815,,,,,,,,,,,,,,,,,,,,,,,,,,,,,,,,,,,,,,,,,,,,,,,,,,,,,,,,,,,,,,
2024-05-14 11:47:00-04:00,,,0.009999999776482582,0.07000000029802322,,,,0.20000000298023224,,1.0,,,,,,,,,,,,,,,,,0.7400000095367432,,,,,,,,,,,,,,,,,,,,,,,,,,,,,,,,,,,,,,,,,,,,,,,,,,,,,,,,,,,,,
2024-05-14 11:48:00-04:00,,,,,0.3799999952316284,,,,,,,,,,,,,,,,,,,,,,,,,,,,,,,,,,,,,,,,,,,,,,,,,,,,,,,,,,,,,,,,,,,,,,,,,,,,,,,,,,,
2024-05-14 11:49:00-04:00,,,,,,0.800000011920929,,,,,,,,,,,0.10999999940395355,,,,,,,,,,,,,,,,,,,,,,,,,,,,,,,,,,,,,,,,,,0.8999999761581421,,,,,,,,,,,,,,,,,,,,,,,,,,,,,
2024-05-14 11:50:00-04:00,,,,,0.3499999940395355,,0.019999999552965164,0.20000000298023224,,,,,,,,,,,,,,,,,,,,,,,,,,,,,,,,,,,,,,,,,,,,,,,,,,,,,,,,,,,,,,,,,,,,,,,,,,,,,,,,
2024-05-14 11:51:00-04:00,,,,,0.3799999952316284,,,,,,,,,,,,0.11999999731779099,,,,,,,,,,,,,,,,,,,,,0.2800000011920929,0.5099999904632568,,,,,,,,,,,,,,,,,,,,,,,,,,,,,,,,,,,,,,,,,,,,,,,,,
2024-05-14 11:52:00-04:00,,,,,,0.800000011920929,,,,,,,,,,,,,,,,,,,,,,,,,,,,,,,,,,,,,,,,,,,,,,,,,,,,,,,,,,,,,,,,,,,,,,,,,,,,,,,,,,
2024-05-14 11:53:00-04:00,,,,0.07000000029802322,,,,,,,,,,0.33000001311302185,,,,,,,,,,,,,,,,,,,,,,,,,,,,,,,,,,,,,,,,,,,,,,,,,,,,,,,,,,,,,,,,,,,,,,,,,,
2024-05-14 11:54:00-04:00,,,,0.07999999821186066,0.3700000047683716,,,,,,,,,,,,,,,,,,,0.05999999865889549,,0.4000000059604645,,,,,,,,,,,,,,,,,,,,,,,,,,,,,,,,,,,,,,,,,,,,,,,,,,,,,,,,,,,,,,
2024-05-14 11:56:00-04:00,,,,0.07999999821186066,0.4000000059604645,,,,0.5899999737739563,,,,,,,,,,,,,,,,,0.41999998688697815,,1.190000057220459,,,,,,,,,,,,,,,,,,,,,,0.9900000095367432,,,,,,,,,,,,,,,,,,,,,,,,,,,,,,,,,,,,,,
2024-05-14 11:57:00-04:00,,,,,0.3799999952316284,,,,,,,,,,,,,,,,,,,,,,,,,,,,,,,,,,,,,,,,,,,,,,,,,,,,,,,,,,,,,,,,,,,,,,,,,,,,,,,,,,,
2024-05-14 11:58:00-04:00,,,,,,,,,,,,,,,,,,,,,,,,,,,,,1.5399999618530273,,,,,,,,,,,,,,,,,,,,,,,,,,,,,,,,,,,,,,,,,,,,,,,,,,,,,,,,,,,
2024-05-14 11:59:00-04:00,,,0.009999999776482582,,,0.8199999928474426,,,,,,,,,,,,,,0.17000000178813934,,,,0.05999999865889549,,0.4300000071525574,,,,,,,,,,,,,,,,,,,,,,,,,,,,,,,,,,,,,,,,0.44999998807907104,,,,,,,,,,,,,,,,,,,,,,
2024-05-14 12:00:00-04:00,,,,,0.4099999964237213,,,,0.6000000238418579,,,,,,,,,,,,,,,,0.18000000715255737,,,,,,,,,,,,,,,,,,,,,,,,,,,,,,,,,,,,,,,0.10000000149011612,,,,,,,,,,,,,,,,,,,,,,,,
2024-05-14 12:01:00-04:00,,,,,0.4000000059604645,,,0.20999999344348907,,,,,,,,,,,,,,,,,,,,,,,,,,,,,,,,,,,,,,,,,,,,,,,,,,,,,,,,,,,,,,,,,,,,,,,,,,,,,,,,
2024-05-14 12:02:00-04:00,,,,0.09000000357627869,,,,0.2199999988079071,,,,,0.05999999865889549,,,,,,,,,,,,,,,,,,2.4100000858306885,,,,,,,,,,,,,,,,,,,,,,,,,,,,,,,,,,,,,,,,,,,,,,,,,,,,,,,,,
2024-05-14 12:03:00-04:00,,,,,,,,,,,,,0.05999999865889549,,,,,,,,,,,,,,0.7599999904632568,,,,,,,,,,,,,,,,,,,,,,,,,,,,,,,,,,,,,,,,,,,,,,,,,,,,,,,,,,,,,
2024-05-14 12:04:00-04:00,,,,0.09000000357627869,0.4099999964237213,,,,,,,,,,,,,,,,,,,,,,,,,,2.4100000858306885,,,,,,,,,,,,,,,,,,,,,,,,,,,,,,1.7799999713897705,,,,,,,,,,,,,,,,,,,,,,,,,,,
2024-05-14 12:05:00-04:00,,,0.009999999776482582,,,,,,,,,,,,,,,,,,,,,,,,,,,,,,,,,,,,,,,,,,,,,,,,,,,,,,,,,,,,,,,,,,,,,,,,,,,,,,,,,,,,,
2024-05-14 12:06:00-04:00,,,,,0.4099999964237213,,,0.20999999344348907,,1.0199999809265137,,,,,,,,,,,,,,,,,,,,,,,,,,,,,,,,,,,,,,,,,,,,,,,,,,,,,,,,,,,,,,,,,,,,,,,,,,,,,,
2024-05-14 12:07:00-04:00,,,,,,,,0.20000000298023224,,,,,,,,,,,,,,,,,,0.4300000071525574,,,1.5499999523162842,,,,,,,,,,,,,,,,,,,,,,,,,,,,,,,,,,,,,,,,,,,,,,,,,,,,,,,,,,,
2024-05-14 12:08:00-04:00,,,,,,,,0.20999999344348907,,,,,,,,,,,,,,,,,,,,,,,,,,,,,,,,,,,,,,,,,,,,,,,,,,,,,,,,,,,,,,,,,,,,,,,,,,,,,,,,
2024-05-14 12:09:00-04:00,,,0.009999999776482582,,0.3499999940395355,,,0.20000000298023224,,,,,,,,,,,,,,,,,,0.41999998688697815,,,,,,,,,,,,,,,,,,,,,,,,,,,,,,,,,,,,,,,,,,,,,,,,,,,,,,,,,,,,,,
2024-05-14 12:10:00-04:00,,,,0.07000000029802322,0.3799999952316284,0.7900000214576721,,,,,,,,,0.6800000071525574,,,,,,,,,,,,,,1.5099999904632568,,,,,,,,,,,,,,,,,,,,,,,,,,,,,,,,,,,,,,,,,,,,,,,,,,,,,,,,,,,
2024-05-14 12:11:00-04:00,,,,,0.3700000047683716,,0.019999999552965164,0.20000000298023224,,,,,,,,,,,,,,,,,,,,,,,,,,,,,,,,,,,,,,,,,,,,,,,,,,,,,,,,,,,,,,,,,,,,,,,,,,,,,,,,
2024-05-14 12:12:00-04:00,,,,0.07000000029802322,,,,,,,,,0.07000000029802322,,,,,,,,,,,,,,,,,,,,,,,,0.11999999731779099,,,,,,,,,,,,,,,,,,,,,,,,,,,,,,,,,,,,,,,,,,,,,,,,,,,
2024-05-14 12:13:00-04:00,,,,,0.3799999952316284,,,,,,,,,,,,,,,,,,,0.07000000029802322,,,,,,,,,,,,,,,,,,,,,,,,,,,,,,,,,,,,,,,,,,,,,,,,,,,,,,,,,,,,,,,,
2024-05-14 12:14:00-04:00,,,,,,,0.019999999552965164,0.20000000298023224,,,,,,,,,,,,,,,,,,,,,1.5199999809265137,,2.390000104904175,,,,,,,,,,,,,,,,,,,,,,,,,,,,,,,,,,,,,,,,,,,,,,,,,,,,,,,,,
2024-05-14 12:15:00-04:00,,,,0.07000000029802322,0.4000000059604645,,,,,,,,,,,,,,,,,,,,,,,,,,,,,,,,,,,0.8299999833106995,,,,,,,,,,,,,,,,,,,,,,,,,,,,,,,,,,,,,,,,,,,,,,,,
2024-05-14 12:16:00-04:00,,,,,0.4000000059604645,,,,,,,,,,,,,,,,,,,,,,,,,,,,,,,,,0.3100000023841858,,,,,,,,,,,,,,,,,,,,,,,,,,,,,,,,,,,,,,,,,,,,,,,,,,
2024-05-14 12:17:00-04:00,,,,,,,,,,,,,,,,,,,,,0.46000000834465027,,,,,,,,,,,,,,,,,,,,,,,,,,,,,,,,,,,,,,,,,,,,,,,,,,,,,,,,,,,,,,,,,,,
2024-05-14 12:18:00-04:00,,,,,,,,0.20000000298023224,,,,,,,,,0.11999999731779099,,,,,,,,0.1899999976158142,,,,,,,,,,,,,,,,,,,,,,,,,,,,,,,,,,,,,,,,,,,,,,,,,,,,,,,,,,,,,,,
2024-05-14 12:19:00-04:00,,,,,0.4000000059604645,,,,0.6000000238418579,,,,,,,,0.11999999731779099,,,,,,,,,,,,,,,,,,,,,,,,,,,,,,,,,,,,,,,,,,,,,,,,,,,,,,,,,,,,,,,,,,,,,,,
2024-05-14 12:20:00-04:00,,,0.009999999776482582,0.07000000029802322,,0.8199999928474426,,,,,,,,,,,,,,,,,,,,,,,,,,,,,,,,0.3199999928474426,0.550000011920929,,,,,,,,,,,,,,,,,,,,,,,,,,,,,,,,,,,,,,,,,,,,,,,,,
2024-05-14 12:21:00-04:00,,,,,,,0.019999999552965164,,,,,,,,,,,,,,,,,,,,,,,,,,,,,,,,,,,,,,,,,,,,,,,,,,,,,,,,,,,,,,,,,,,,,,,,,,,,,,,,,
2024-05-14 12:22:00-04:00,,,0.009999999776482582,0.07999999821186066,0.38999998569488525,,,0.20000000298023224,,,,,,,,,,,0.7400000095367432,,,,,,,,,,,,,,,,,,,,,,,,,,,,,,,,,,,,,,,,,,,,,,,,,,,,,,,,,,,,,,,,,,,,,
2024-05-14 12:23:00-04:00,,,,0.09000000357627869,,,,0.20999999344348907,,,,,,,,,,,,,,,,,,,,,,,,,,,,,,,,,,,,,,,,,,,,,,,,,,,,,,,,,,,,,,,,,,,,,,,,,,,,,,,,
2024-05-14 12:24:00-04:00,,,,,0.41999998688697815,,,,,,,,,,,,,,,,,,,,,,,,,,,,,,,,,,,,,,,,,,,,,,,,,,,,,,,,,,,,,,,,,,,,,,,,,,,,,,,,,,,
2024-05-14 12:25:00-04:00,,,,,0.4000000059604645,,,,,,,,,,,,,,,,,,,,,,,,,,,,,,,,,,,0.8199999928474426,,,,,,,,,,,,,,,,,,,,,,,,0.10000000149011612,,,,,,,,,,,,,,,,,,,,,,,,
2024-05-14 12:26:00-04:00,,,,,,0.8299999833106995,,,,,,,,,,,,,,,,,,,,,,,,,,,,,,,,,,,,,,,,,,,,,,,,,,,,,,,,,,,,,,,,,,,,,,,,,,,,,,,,,,
2024-05-14 12:27:00-04:00,,,,,0.41999998688697815,,,,,,,0.009999999776482582,,,,,,,,,,,,,0.20000000298023224,,0.7799999713897705,,,,,,,,,,,,,,,,,,,,,,,,,,,,,,,,,,,,,,,,,,,,,,,,,,,,,,,,,,,,,
2024-05-14 12:28:00-04:00,,,,0.07999999821186066,,,,,0.6000000238418579,,,,0.07999999821186066,,,,,,,,,,,,,,,,,,,,,,,,,,,,,,,,,,,,,,,,,,,,,,,,,,,,,,,,,,,,,,,,,,,,,,,,,,,
2024-05-14 12:30:00-04:00,,,,0.09000000357627869,,,,,,,,,,,,,,,,,,,,,0.1899999976158142,,,,,,,,,,,,,,,,,,,,,,,,,,,,,,,,,,,,,,,,,0.44999998807907104,,,,,,,,,,,,,,,,,,,,,,
2024-05-14 12:31:00-04:00,,,,0.10000000149011612,,,,,,,,,,,,,0.10999999940395355,,,,,,,,0.18000000715255737,,,,,,,,,,,,,,,,,,,,,,,,,,,,,,,,,,,,,,,,,,,,,,,,,,,,,,,,,,,,,,,
2024-05-14 12:32:00-04:00,,,,,,,,0.20999999344348907,,,,,,,,,,,,,,,,0.03999999910593033,,0.4399999976158142,,,,,,,,0.5600000023841858,,,,,,,,,,,,,,,,,,,,,,,,,,,,,,,,,,,,,,,,,,,,,,,,,,,,,,
2024-05-14 12:33:00-04:00,,,0.009999999776482582,0.09000000357627869,,,,0.20999999344348907,,1.0399999618530273,2.390000104904175,,,,,,,,,,,,,0.05000000074505806,,,,,,,,,,,,,,,,,,,,,,,,,,,,,,,,,,,,,,,,,,,,,,,,,,,,,,,,,,,,,,,,
2024-05-14 12:34:00-04:00,,,,,0.4300000071525574,0.8399999737739563,,0.20999999344348907,,,,,,,,,,,,,,,,,,,,,,,,,,,,,,,,,,,,,,,,,,,,,,,,,,,,,,,,,,,,,,,,,,,,,,,,,,,,,,,,
2024-05-14 12:35:00-04:00,,,0.009999999776482582,,,0.8500000238418579,,0.2199999988079071,,,,,,0.33000001311302185,,,,,,,,,,,,,,,,,,,,,,,,,,,,,,,,,,,,,,,,,,,,,,,,,,,,,,,,,,,,,,,,,,,,,,,,,,
2024-05-14 12:36:00-04:00,,,,,,0.8500000238418579,,0.23000000417232513,0.6200000047683716,,,,,,,,,,,,,,,,,0.44999998807907104,,,,,,,,,,,,,,,,,,,,,,,,,,,,,,,,,,,,,,,,,,,,,,,,,,,,,,,,,,,,,,
2024-05-14 12:37:00-04:00,,,0.009999999776482582,0.10000000149011612,0.41999998688697815,,,,,,,,,,,,,,,,,,,,,0.44999998807907104,,,,,,,,0.5099999904632568,,,,,0.5799999833106995,,,,,,,,,,,,,,,,,,,,,,,,,,,,,,,,,,,,,,,,,,,,,,,,,
2024-05-14 12:38:00-04:00,,,,0.10999999940395355,,,,,,,,,,,,,,,,,,,,,0.1899999976158142,,,,,,,,,,,,,,,,,,,,,,,,,,,,,,,,,,,,,,,,,,,,,,,,,,,,,,,,,,,,,,,
2024-05-14 12:39:00-04:00,,,,,0.44999998807907104,,,,,,,,,0.36000001430511475,0.7200000286102295,,,,,,,,,,,,,,,,,,,,,,,,,,,,,,,,,,,,,,,,,,,,,,,,,0.10999999940395355,,,,,,,,,,,,,,,,,,,,,,,,
2024-05-14 12:40:00-04:00,,,,0.10999999940395355,,,0.019999999552965164,,,,,,0.07000000029802322,0.3400000035762787,,,,,,,,,,,,,0.8199999928474426,,,,,,,,,,,,,,,,,,,,,,,,,,,,,,0.44999998807907104,,,,,,,0.10999999940395355,,,,,,,,,,,,,,,,,,,,,,,,
2024-05-14 12:41:00-04:00,,,,,,,,,,,,,,,,,,,,,,,,,,,,,,,,,,,,,,,,0.8999999761581421,,,,,,,,,,,,,,,,,,,,,,,,,,,0.7300000190734863,,,,,,,,,,,,,,,,,,,,,
2024-05-14 12:42:00-04:00,,,,0.10000000149011612,0.41999998688697815,,,0.23999999463558197,0.6299999952316284,,,,,,,,,,,,0.44999998807907104,,,,,0.46000000834465027,0.800000011920929,,,,,,,,,,,,,,,,,,,,,,,,,,,,,,,,,,,,,,,,,,,,,,,,,,,,,,,,,,,,,
2024-05-14 12:43:00-04:00,,,,0.10999999940395355,,,,0.23999999463558197,,,,,,,,,,,,0.1599999964237213,,,,,,,,,,,,,,,,,,,,,,,,,,,,,,,,,,,,,,,,,,,,,,,,,,,,,,,,,,,,,,,,,,,,
2024-05-14 12:44:00-04:00,,,0.009999999776482582,0.10999999940395355,,,0.019999999552965164,,,,,,,,,,,,,,,,,,,,,,,,,,,,,,,0.3100000023841858,,,,,,,,,,,,,,,,,,,,,,,,,,,,,,,,,,,,,,,,,,,,,,,,,,
2024-05-14 12:45:00-04:00,,,,0.10999999940395355,,,,,,,,,,,,,,,,,,,,,,,,,,,,,,,,,,,,,,,,,,,,,,,,,,,,,,,,,,,,0.10999999940395355,,,,,,,,,,,,,,,,,,,,,,,,
2024-05-14 12:46:00-04:00,,,,,,,0.019999999552965164,0.23999999463558197,0.6399999856948853,,,,,,,,0.11999999731779099,,,,,,,,,,,,1.6100000143051147,,,,,,,,,,,,,,,,,,,,,,,,,,,,,,,,,,,,,,,,,,,,,,,,,,,,,,,,,,,
2024-05-14 12:47:00-04:00,,,,0.10000000149011612,,,,,0.6399999856948853,,,,,0.36000001430511475,,,,,,,,,,,,,,,,,,,,,,,,,,,,,,,,,,,,,,,,,,,,,,,,,,0.10999999940395355,,,,,,,,,,,,,,,,,,,,,,,,
2024-05-14 12:48:00-04:00,,,,0.10000000149011612,0.44999998807907104,,0.019999999552965164,,,,,,,,,,,,,,,,,,,,,,,,,,,,,,,,,,,,,,,,,,,,,,,,,,,,,,,,,,,,,,,,,,,,,,,,,,,,,,,,,
2024-05-14 12:49:00-04:00,,,,0.10999999940395355,,,,0.25,,,,,,,0.7699999809265137,,,,,,,,,,,,,,,,,,,,,,,0.3400000035762787,,,,,,,,,,,,,,,,,,,,,,,,,,0.11999999731779099,,,,,,,,,,,,,,,,,,,,,,,,
2024-05-14 12:50:00-04:00,0.009999999776482582,,,0.10999999940395355,0.44999998807907104,,,0.25,,,,,0.07000000029802322,,,,,,,,0.5099999904632568,,,,,,,,,,,,,,,,,,,,,,,,,,,,,,,,,,,,,,,,,,,0.11999999731779099,,,,,1.4700000286102295,,,,,,,,,,,,,,,,,,,
2024-05-14 12:51:00-04:00,,,0.009999999776482582,0.12999999523162842,,,,,,,,,,,,,,,,,,,,,,,0.8299999833106995,,,,,,,,,,,,,,,,,,,,,,,,,,,,,,,,,,,,,0.12999999523162842,,,,,1.4700000286102295,,,,,,,,,,,,,,,,,,,
2024-05-14 12:52:00-04:00,,,,0.10000000149011612,,,0.029999999329447746,,,,,,,,,,,,,,,,,,,,,,,,,,,,,,,,,,,,,,,,,,,,,,,,,,,,,,,,,,,,,,,,,,,,,,,,,,,,,,,,,
2024-05-14 12:53:00-04:00,,,,0.11999999731779099,0.46000000834465027,,0.019999999552965164,0.25,,,,,,,,,0.11999999731779099,,0.7799999713897705,,,,,,,,,,,,,,,,,,,,,,,,,,,,,,,,,,,,,,,,,,,,,0.12999999523162842,,,,,,,,,,,,,,,,,,,,,,,,
2024-05-14 12:54:00-04:00,,,0.009999999776482582,,,,,0.25999999046325684,,,,,,,,,,,,,,,,,,,,,,,,,,,,,,,,,,,,,,,,,,,,,,,,,,,,,,,,,,,,,,,,,,,,,,,,,,,,,,,,
2024-05-14 12:55:00-04:00,,,,0.11999999731779099,0.47999998927116394,,0.029999999329447746,0.27000001072883606,0.6499999761581421,1.100000023841858,,,,,,,0.15000000596046448,,,,,,,,,0.4699999988079071,,,,,,,,,,,,,,,,,,,,,,,,,,,,,,,,,,,,,,0.12999999523162842,,,,,,,,,,,,,,,,,,,,,,,,
2024-05-14 12:56:00-04:00,,,0.009999999776482582,0.11999999731779099,0.4699999988079071,0.9100000262260437,,,,,,,,,,,0.11999999731779099,,,,,,,,,,,,,,,,,,,,,,,,,,,,,,,,,,,,,,,,,,,,,,,0.12999999523162842,,,,,,,,,,,,,,,,,,,,,,,,
2024-05-14 12:57:00-04:00,,,,,0.44999998807907104,,,,,,,,,,,,,,,,,,,,,,,,,,,,,,,,,0.3400000035762787,,,,,,,,,,,,,,,,,,,,,,,,,,0.12999999523162842,,,,,,,,,,,,,,,,,,,,,,,,
2024-05-14 12:58:00-04:00,,,0.009999999776482582,,0.4399999976158142,,,,,,,,,,,,,,,,,,,,0.20000000298023224,,,,,,,,,,,,,,,,,,,,,,,,,,,,,,,,,,,,,,,0.12999999523162842,,,,,,,,,,,,,,,,,,,,,,,,
2024-05-14 12:59:00-04:00,,,,0.07999999821186066,,0.8899999856948853,,0.23999999463558197,,,,,,,,,,,,,,,,,,,,,,,,,,,,,,,,,,,,,,,,,,,,,,,,,,,,,,,,,,,,,,,,,,,,,,,,,,,,,,,,
2024-05-14 13:00:00-04:00,,,,,,,,,,,,,0.07999999821186066,0.3499999940395355,,,,,,,,,,,,,,,,,,,,,,,,,,,,,,,,,,0.3799999952316284,,,,,,,,,,,,,,,,,,,,,,,,,,,,,,,,,,,,,,,,
2024-05-14 13:01:00-04:00,,,0.009999999776482582,0.09000000357627869,,,,,,,,,,,,,,,,,,,,,0.20000000298023224,,,,,,,,,,,,,,,,,,,,,,,,,,,,,,,,,,,,,,,,,,,,,,,,,,,,,,,,,,,,,,,
2024-05-14 13:02:00-04:00,,,0.009999999776482582,,,,0.029999999329447746,,,,,,,,,,,0.4099999964237213,,,,,,,0.20999999344348907,,,,,,,,,,,,,,,,,,,,,,,,,,,,,,,,,,,,,,,,,,,,,,,,,,,,,,,,,,,,,,,
2024-05-14 13:03:00-04:00,,,0.009999999776482582,0.10000000149011612,,,,,,,,,,,,,,,,,,,,,,,,,,,,,,,,,,,,,,,,,,,,,,,,,,,,,,,,,,,,,,,,,,,,,,,,,,,,,,,,,,,,
2024-05-14 13:05:00-04:00,,,,0.10999999940395355,0.44999998807907104,,,,,,,,,,,,,,,,,,,,,,,,,,,,,,,,,,,,,,,,,,,,,,,,,,,,,,,,,,,,,,,,,,,,,,,,,,,,,,,,,,,
2024-05-14 13:06:00-04:00,,,,0.10999999940395355,0.46000000834465027,,0.029999999329447746,0.25,,,,,,,,,0.11999999731779099,,,,,,,,,0.4699999988079071,,,,,,,,,,,,,,,,,,,,,,,,,,,,,,,,0.75,,,,,,,,,0.7599999904632568,,,,,,,,,,,,,,,,,,,,,
2024-05-14 13:07:00-04:00,,,0.009999999776482582,,,,,,0.6600000262260437,,,,,,,,,,,,,,,,0.20000000298023224,,,,,,,,,,,,,,,,,,,,,,,,,,,,,,,,,,,,,,,,,0.5,,,,,,,,,,,,,,,,,,,,,,
2024-05-14 13:08:00-04:00,,,,0.10999999940395355,0.44999998807907104,,,,,,,,,0.36000001430511475,,,,,,,0.4699999988079071,,,,,,,,,,,,,,,,,,,,,,,,,,,,,,,,,,,,,,,,,,,,,,,,,,,,,,,,,,,,,,,,,,,
2024-05-14 13:09:00-04:00,,,0.019999999552965164,0.10999999940395355,,,,0.27000001072883606,,,,,,,,,,,,,,,,,,,,,,,,,,,,,,,,,,,,,,,,,,,,,,,,,,,,,,,,,,,,,,,,,,,,,,,,,,,,,,,,
2024-05-14 13:10:00-04:00,,,,0.10999999940395355,,,,,,,,,,,,,,,,,,,,,,0.47999998927116394,,,,,,,,,,,,,,,,,,,,,,,,,,,,,,,,,,,,,,,,,,,,,,,,,,,,,,,,,,,,,,
2024-05-14 13:11:00-04:00,,,0.009999999776482582,0.11999999731779099,,,0.029999999329447746,0.25999999046325684,,,,,,,,,,,,,,,,,,0.49000000953674316,,,,,,,,,,,,,,,,,,,,,,,,,,,,,,,,0.949999988079071,,,,,,,,,,,,,,,,,,,,,,,,,,,,,,
2024-05-14 13:12:00-04:00,,,,0.10000000149011612,0.4699999988079071,,,0.25,,,,,,0.38999998569488525,,,,,,,,,,,,,,,,,,,0.23000000417232513,,,,,,,,,,,,,,,,,,,,,,,,,,,,,,,,,,,,,,,,,,,,,,,,,,,,,,,
2024-05-14 13:13:00-04:00,,,0.009999999776482582,0.12999999523162842,,,,,,,,,0.07999999821186066,,,,,,,,,,,,0.20999999344348907,,,,,,,,0.27000001072883606,,,,,,,,,,,,,,,,,,,,,,,,,,,,,,,,,,0.7799999713897705,,,,,,,,,,,,,,,,,,,,,
2024-05-14 13:14:00-04:00,,,0.009999999776482582,0.11999999731779099,,,,,,,,,,,,,0.11999999731779099,,,,0.5099999904632568,,,,,,,,,,,,,,,,,,,,,,,,,,,,,,,,,,,,,,,,,,,,,,,,,,,,,,,,,,,,,,,,,,,
2024-05-14 13:15:00-04:00,,,,0.10000000149011612,0.4699999988079071,,,,,,,,,,,,,,,,,,,,,,,,,,,,,,,,,,,,,,,,,,,,,,,,,,,,,,,,,,,,,,,,,,,,,,,,,,,,,,,,,,,
2024-05-14 13:16:00-04:00,,,0.009999999776482582,,,0.8999999761581421,,,,,,,,,,,,,,,,,,,,,,,,,,,,,,,,0.33000001311302185,,,,,,,,,,,,,,,,,,,,,,,,,,,,,,,,,,,,,,,,,,,,,,,,,,
2024-05-14 13:17:00-04:00,,,,,,,,,,,,,,,,,,,,,,,,,0.20000000298023224,0.47999998927116394,,,,,,,,,,,,,,,,,,,,,,,,,,,,,,,,,,,,,,,,,,,,,,,,,,,,,,,,,,,,,,
2024-05-14 13:18:00-04:00,,,0.019999999552965164,,,,,0.25999999046325684,,,,,,,,,,0.4000000059604645,,,,,,,,,,,,,,,,,,,,,,,,,,,,,,,,,,,,,,,,,,,,,,,,,,,,,,,,,,,,,,,,,,,,,,
2024-05-14 13:19:00-04:00,,,,0.10999999940395355,0.4699999988079071,,,0.25,,,,0.009999999776482582,0.07999999821186066,,,,0.12999999523162842,,,,,,,,,,,,,,,,,,,,,,,,,,,,,,,,,,,,,,,,,,,,,,,,,,,,,,,,,,,,,,,,,,,,,,,
2024-05-14 13:20:00-04:00,,,0.009999999776482582,0.11999999731779099,0.4699999988079071,,,,0.6499999761581421,,,,,,,,0.11999999731779099,,,,,,,,,,,,,,,,,,,,,,,,,,,,,,,,,,,,,,,,,,,,,,,,,,0.7599999904632568,,,,,,,,,,,,,,,,,,,,,
2024-05-14 13:21:00-04:00,,,,,,,0.019999999552965164,,,,,,,,,,,,,,,,,,,,,,,,,,,,,,,,,,,,,,,,,,,,,,,,,,,,,,,,,,,,,,,,,,,,,,,,,,,,,,,,,
2024-05-14 13:22:00-04:00,,,0.009999999776482582,,,,,,,,,,0.07000000029802322,,,,,,,,,,,,,,,,,,,,,,,,,,,,,,,,,,,,,,,,,,,,,,,,,,,,,,,,,,,,,,,,,,,,,,,,,,,
2024-05-14 13:23:00-04:00,,,,0.10000000149011612,,,,0.25999999046325684,,,,,0.05999999865889549,,,,,,,,,0.8199999928474426,,,,,,,,,,,,,,,,,,,,,,,,,,,,,,,,,,,,,,,,,,,,,,,,,,,,,,,,,,,,,,,,,,
2024-05-14 13:24:00-04:00,,,0.009999999776482582,0.10000000149011612,,,,,,,,,,,,,,,,,,,,,,0.4699999988079071,,,,,,,,,,,,,,,,,,,,,,,,,,,,,,,,,,,,,,,,,,,,,,,,,,,,,,,,,,,,,,
2024-05-14 13:25:00-04:00,,,,0.10000000149011612,0.47999998927116394,,,,,,,,,,,,,,,,,,,,,,,,,,,,,,,,,,,,,,,,,,,,,,,,,,,,,,,,,,,,,,,,,,,,,,,,,,,,,,,,,,,
2024-05-14 13:26:00-04:00,,,,0.09000000357627869,0.4399999976158142,,,,,,,,,,,,,,,,,,,,,,,,,,,,,,,,,,,,,,,,,,,,,,,,,,,,,,,,,,,,,,,,,,,,,,,,,,,,,,,,,,,
2024-05-14 13:27:00-04:00,,,,0.09000000357627869,,,,,,,,,,,,,0.12999999523162842,,,,,,,,,,,,,,,,,,,,,,,,,,,,,,,,,,1.3600000143051147,,,,,,,,,,,,,,,,,,,,,,,,,,,,,,,,,,,,,
2024-05-14 13:28:00-04:00,,,0.009999999776482582,0.10000000149011612,,0.8399999737739563,,,,,,,,,,,,,,,,,,,,,,,,,,,,,,,,,,,,,,,,,,,,,,,,,,,,,,,1.7599999904632568,,,,,,,,,,,,,,,,,,,,,,,,,,,
2024-05-14 13:29:00-04:00,,,,0.10999999940395355,0.44999998807907104,,,,,,,0.009999999776482582,,,,,,,,,,,,,,,,,,,,,,,,,,,,,,,,,,,,,,,,,,,,,,,,,,,,,,,,,,,,,,,,,,,,,,,,,,,,
2024-05-14 13:30:00-04:00,,,,0.11999999731779099,,,,0.25999999046325684,,,,,,,,,0.10999999940395355,,,,,,,,,,,,,,,,,,,,,,,,,,,,,,,,,,,,,,,,,,,,,,,,,,,,,,,,,,,,,,,,,,,,,,,
2024-05-14 13:31:00-04:00,,,,0.10999999940395355,0.46000000834465027,0.8700000047683716,,,,,,,,,,,,,,,,,,,,,,,,,,,,,,,,,,,,,,,,,,,,,,,,,,,,,,,,,,,,,,,,,,,,,,,,,,,,,,,,,,
2024-05-14 13:32:00-04:00,,,,,,,,,,1.059999942779541,,,,,,,,,,,,,,,,,,,,,,,,,,,,,,,,,,,,,,,,,,,,,,,,,,,,,,,,,,,,,,,,,,,,,,,,,,,,,,
2024-05-14 13:33:00-04:00,,,,0.10999999940395355,,,,,,,,,,,0.7200000286102295,0.019999999552965164,,,,,,,,,,,,1.1699999570846558,,,,,0.25,,,,,,,,,,,,,,,,,,,,,,,,,,,,,,,,,,,,,,,,,,,,,,,,,,,,,,,
2024-05-14 13:34:00-04:00,,,,0.10999999940395355,0.4699999988079071,,,,,,,,,,,0.009999999776482582,,,,,,,,,,,,,,,,,,,,,,,,,,,,,,,,,,,,,,,,,,,,,,,,0.11999999731779099,,,,,,,,,,,,,,,,,,,,,,,,
2024-05-14 13:35:00-04:00,,,,,0.46000000834465027,,,,0.6399999856948853,,,0.009999999776482582,0.05999999865889549,,,,,,,,,,,,,,,,,,,,0.27000001072883606,,,,,,,,,,,,,,,,,,,,,,,,,,,,,,,,,,,,,,,,,,,,,,,,,,,,,,,
2024-05-14 13:36:00-04:00,,,,0.11999999731779099,,,,,,,,,,,,,,0.41999998688697815,,,0.44999998807907104,,,,,,,1.1699999570846558,,,,,,,,,,,,,,,,,,,,,,,,,,,,,,,,,,,,,,,,,,,,,,,,,,,,,,,,,,,,
2024-05-14 13:37:00-04:00,,,,0.11999999731779099,,,,,,,,,,,,,,,,,,,,,,,0.7900000214576721,1.1799999475479126,,,,,0.20000000298023224,,,,,,,,,,,,,,,,,,,,,,,,,,,,,,,,,,,,,,,,,,,,,,,,,,,,,,,
2024-05-14 13:38:00-04:00,,0.009999999776482582,,,0.46000000834465027,,,,0.6299999952316284,,,,,,,,,,,,,,,,,,,,,,,,0.20000000298023224,,,,,,,,,,,,,,,,,,,,,,,,,,,,,,,,,,,,,,,,,,,,,,,,,,,,,,,
2024-05-14 13:39:00-04:00,,,0.009999999776482582,0.11999999731779099,,,0.019999999552965164,,0.6600000262260437,,,,,,,,,,,,,,,,,,,,,,,,0.30000001192092896,,,,,,,,,,,,,,,,,,,,,,,,,,,,,,,,,,,,,,,,,,,,,,,,,,,,,,,
2024-05-14 13:40:00-04:00,,,0.009999999776482582,,0.4699999988079071,,,0.23999999463558197,,,,,,,,,0.10999999940395355,,,,,,,,,0.46000000834465027,,,,,,,,,,,,,,,,,,,,,,,,,,,,,,,,,,,,,,,,,,,,,,,,,,,,,,,,,,,,,,
2024-05-14 13:41:00-04:00,,,,0.12999999523162842,,0.9100000262260437,,,,,,,0.07000000029802322,,,0.019999999552965164,,,,,,,,,,,,,,,,,,,,,,,,,,,,,,,,,,,,,,,,,,,,,,,,,,,,,,,,,,,,,,,,,,,,,,,,
2024-05-14 13:42:00-04:00,,,,0.11999999731779099,,,,0.25,,,,,,,,,,,,,,,,,,,,1.190000057220459,,,,,0.25999999046325684,,,,,,,,,,,,,,,,,,,,,,,,,,,,,,,,,,,,,,,,,,,,,,,,0.8399999737739563,,,,,,,
2024-05-14 13:43:00-04:00,,,,,,,,0.25,,,,,,,,,,,,,,,,,,,,,,,,,0.25,,,,,,,,,,,,,,,,,,,,,,,,,,,,,,,,,,,,,,,,,,,,,,,,,,,,,,,
2024-05-14 13:44:00-04:00,,,,0.11999999731779099,,,0.029999999329447746,0.25999999046325684,,,,,,0.3499999940395355,,,,,,,,,,,,,,,,,,,,,,,,,,,,,,,,,,,,,,,,,,,,,,,,,,,,,,,,,,,,,,,,,,,,,,,,,,
2024-05-14 13:45:00-04:00,,,,,0.4699999988079071,,,,,,,,,,,,,,,,0.46000000834465027,,,,,,,1.190000057220459,,,,,0.25,,,,,,,,,,,,,,,,,,,,,,,,,,,,,,,,,,,,,,,,,,,,,,,,,,,,,,,
2024-05-14 13:46:00-04:00,,,0.009999999776482582,0.11999999731779099,,,,,,,,,,,,,,,,,,,,,,0.44999998807907104,,,,,,,0.25,,,,,,,,,,,,,,,,,,,,,,,,,,,,,,,,,,,,,,,,,,,,,,,,,,,,,,,
2024-05-14 13:47:00-04:00,,,,0.11999999731779099,0.49000000953674316,0.9399999976158142,,,0.6600000262260437,,,,0.07999999821186066,,0.7200000286102295,,,,,,,,,0.03999999910593033,,0.46000000834465027,,,,,,,0.25999999046325684,,,,,,0.6000000238418579,,,,,,,,,,,,,,,,,,,,,,,,,,,,,,,,,,,,,,,,,,,,,,,,,
2024-05-14 13:48:00-04:00,,,,,0.5,,,0.27000001072883606,,,,,,,,,,,,,,,,,0.20000000298023224,,,1.2100000381469727,,,,,0.25,,,,,,,,,,,,,,,,,,,,,,,,,,,,,,,,,,,,,,,,,,,,,,,,,,,,,,,
2024-05-14 13:49:00-04:00,,,,0.14000000059604645,0.5099999904632568,,,,,,,,,,,,,,,,,,,,,,,,,,,,,,,,,,,,,,,,,,,,,,,,,,,,,,,,,,,,,,,,,,,,,,,,,,,,,,,,,,,
2024-05-14 13:50:00-04:00,,,,0.14000000059604645,,,0.029999999329447746,,,,,,,,,,,,,,,,,,,,,,,,,,,,,,,,,,,,,,,,,,,,,,,,,,,,,,,,,,,,,,,,,,,,,,,,,,,,,,,,,
2024-05-14 13:51:00-04:00,,,,,0.5,,,0.27000001072883606,,,,,,,,,,,,,,,,,,,0.8199999928474426,,,,,,,,,,,,,,,,,,,,,,,,,,,,,,,,,,,,,,,,,,,,,,,,,,,,,,,,,,,,,
2024-05-14 13:52:00-04:00,,,,0.10999999940395355,,,,,,,,,,,,,,,,,,,,,,,0.8199999928474426,,,,,,,,,,,,,,,,,,,,,,,,,,,,,,,,,,,,,,,,,,,,,,,,,,,,,,,,,,,,,
2024-05-14 13:53:00-04:00,,,,0.12999999523162842,,,,,,,,,,,0.6800000071525574,,,0.3799999952316284,,,,,,,0.1899999976158142,0.4699999988079071,,,,,,,,,,,,,,,,,,,,,,,,,,,,,,,,,,,,,,,,,,,,,,,,,,,,,,,,,,,,,,
2024-05-14 13:54:00-04:00,,,,0.11999999731779099,,,,,,,,,,,,,,,,,,,,,,,,,,,,,,,,,,,,,,,,,,,,,,,,,,,,,,,,,,,,,,,,,,,,,,,,,,,,,,,,,,,,
2024-05-14 13:55:00-04:00,,,,,,0.9200000166893005,,,,,,,,,,,,,,,,,,,,,,,,,,,,,,,,,,,,,,,,,,,,,,,,,,,,,,,,,,,,,,,,,,,,,,,,,,,,,,,,,,
2024-05-14 13:56:00-04:00,,,0.009999999776482582,0.12999999523162842,,,,,,,,,,,,,,,,,,,,,,,,,,,,,,,,,,,,,,,,,,,,,,,,,,,,,,,,,,,,,,,,,,,,,,,,,,,,,0.8899999856948853,,,,,,,
2024-05-14 13:57:00-04:00,,,,,0.47999998927116394,,,0.25999999046325684,,,,,,,,,,,,,,,,,,,,,,,,,,,,,,,,,,,,,,,,,,,,,,,,,,,,,,,,,,,,,,,,,,,,,,,,,,,,,,,,
2024-05-14 13:58:00-04:00,,,,,,,,,,,,,,,,,,,,,,,,,,,0.8199999928474426,,,,,,,,,,,,,,,,,,,,,,,,,,,,,,,,,,,,,,,,,,,,,,,,,,,,,,,,,,,,,
2024-05-14 13:59:00-04:00,,,,,,,0.019999999552965164,0.25999999046325684,,,,,,,,,0.11999999731779099,,,,,,,,,,0.8100000023841858,,,,,,,,,,,,,,,,,,,0.09000000357627869,,,,,,,,,,,,,,,,,,,,,,,,,,,,,,,,,,,,,,,,,,
2024-05-14 14:00:00-04:00,,,,0.11999999731779099,,,0.019999999552965164,0.25999999046325684,,,,,,,,,,,,,,,,,,0.47999998927116394,,,,,,,,,,,,,,,,,,,,,,,,,,,,,,,,,,,,,,,,,,,,,,,,,,,,,,,,,,,,,,
2024-05-14 14:01:00-04:00,,,,0.11999999731779099,0.5,,,,0.6600000262260437,,,,,,,,,,,,0.44999998807907104,,,,,,,,,,,,,,,,,,,,,,,,,,,,,,,,,,,,,,,,,,,,,,,,,,,,,,,,,,,,,,,,,,,
2024-05-14 14:02:00-04:00,,,,0.12999999523162842,,,,,,,,,,,,,0.12999999523162842,,,,0.46000000834465027,,,,,,,,,,,,,,,,,,,,,,,,,,,,,,,,,,,,,,,,,,,,,,,,,,,,,,,,,,,,,,,,,,,
2024-05-14 14:03:00-04:00,,,,0.11999999731779099,0.49000000953674316,,,,,,,0.009999999776482582,,0.3499999940395355,,,,,0.75,,,,,,,,,,,,,,,,,,,,,,,,,,,,,,,,,,,,,,,,,,,,,,,,,,,,,,,,,,,,,,,,,,,,,
2024-05-14 14:04:00-04:00,,,,,,,,0.25,,,,,,,,,,,,,,,,,,,,,,,,,,,,,,,,,,,,,,,,,,,,,,,,,,,,,,,,,,,,,,,,,,,,,,,,,,,,,,,,
2024-05-14 14:05:00-04:00,,,,0.12999999523162842,,,,0.28999999165534973,,,,,,0.3700000047683716,,,,,,,,,,,,,,,,,,,,,,,,0.3199999928474426,,,,,,,,,,,,,,,,,,,,,,,,,,,,,,,,,,,,,,,,,,,,,,,,,,
2024-05-14 14:07:00-04:00,,0.009999999776482582,,0.12999999523162842,,0.9300000071525574,,,,,,,,,,,,,,,0.4699999988079071,,,,,,,,,,,,,,,,,,,,,,,,,,,,,,,,,,,,,,,,,,,,,,,,,,,,,,,,,,,,,,,,,,,
2024-05-14 14:08:00-04:00,,,,0.11999999731779099,,,,,,,,,0.07000000029802322,,,0.009999999776482582,,,0.7699999809265137,,,,,,,,,,,,,,,,,,,,,,,,,,,,,,,,,,,,,,,,,,,,,,,,,,,,,,,,,,,,,,,,,,,,,
2024-05-14 14:09:00-04:00,,,,0.11999999731779099,,,0.009999999776482582,,,,,,0.07000000029802322,,,0.009999999776482582,,,,,,,,,,,,,,,,,,,,,,,,,,,,,,,,,,,,,,,,,,,,,,,,,,,,,,,,,,,,,,,,,,,,,,,,
2024-05-14 14:10:00-04:00,,,,,0.5,,0.019999999552965164,,,,,,0.07000000029802322,,,,,,,,,,,,,,,,,,,,,,,,,,,,,,,,,,,,,,,,,,,,,,,,,,,,,,,,,,,,,,,,,,,,,,,,,,,
2024-05-14 14:11:00-04:00,,,0.009999999776482582,0.12999999523162842,,,,,,,,,,,,,,,,,,,,,,,,,,,,,,,,,,,,,,,,,,,,,,,,,,,,,,,,,,,,,,,,,,,,,,,,,,,,,,,,,,,,
2024-05-14 14:12:00-04:00,,,,0.11999999731779099,0.49000000953674316,,,,,,,,,,,,,,,,,,,,,,,,,,,,,,,,,,,,,,,,,,,,,,,,,,,,,,,,,,,,,,,,,,,,,,,,,,,,,,,,,,,
2024-05-14 14:13:00-04:00,,,,,,,,,,,,,,,,,,,,,,,,,,,0.75,,,,,,,,,,,,,,,,,,,,,,,,,,,,,,,,,,,,,,,,,,,,,,,,,,,,,,,,,,,,,
2024-05-14 14:14:00-04:00,,,,0.11999999731779099,,,,,,,,,,,,,,,,,,,,,,,,,,,,,,,,,,,,,,,,,,,,,,,,,,,,,,,,,,,,,,,,,,,,,,,,,,,,,,,,,,,,
2024-05-14 14:15:00-04:00,,,,0.11999999731779099,0.47999998927116394,,,,,,,,,,,,0.10000000149011612,,,,,,,,,,,,,,,,,,,,,,,,,,,,,,,,,,,,,,,,,,,,,,,,,,,,,,,,,,,,,,,,,,,,,,,
2024-05-14 14:16:00-04:00,,,,0.11999999731779099,0.47999998927116394,0.8999999761581421,,,,,,,,,,,0.10000000149011612,,,0.17000000178813934,,,,,,,,,,,,,,,,,,,,,,,,,,,,,,,,,,,,,,,,,,,,,,,,,,,,,,,,,,,,,,,,,,,,
2024-05-14 14:17:00-04:00,,,,,,,,,,,,,,,,,,,,0.17000000178813934,,,,,,,,,,2.0299999713897705,,,,,,,,,,,,,,,,,,,,,,,,,,,,,,,,,,,,,,,,,,,,,,,,,,,,,,,,,,
2024-05-14 14:18:00-04:00,,,,,,,,0.27000001072883606,,,,,,,,,,,,,,,,,,,,,1.600000023841858,,,,,,,,,,,,,,,,,,,,,,,,,,,,,0.7300000190734863,,,,,,,,,,,,,,,,,,,,,,,,,,,,,,
2024-05-14 14:19:00-04:00,,,,,,,,,,,,,,,,,,,,0.17000000178813934,,,,,,,,,,,,,,,,,,,0.6000000238418579,,,,,,,,,,,,,,,,,,,,,,,,,,,,,,,,,,,,,,,,,,,,,,,,,
2024-05-14 14:20:00-04:00,,,,0.12999999523162842,,,,0.25,,,,,,,,,,,,,,,,,,,,,,,,,,,,,,,,,,,,,,,,,,,,,,,,,,,,,,,,,,,,,,,,,,,,,,,,,,,,,,,,
2024-05-14 14:21:00-04:00,,,,0.12999999523162842,,,,,,,,,,,,,,,,0.17000000178813934,,,,,,,,,,,,,,,,,,,,,,,,,,,,,,,,,,,,,,,,,,,,,,,,,,,,,,,,,,,,,,,,,,,,
2024-05-14 14:22:00-04:00,,,,,,,,0.25999999046325684,,,,,,,,,,,0.7599999904632568,0.17000000178813934,,,,,,,,,,,,,,,,,,,,,,,,,,,,0.3799999952316284,,,,,,,,,,,,,,,,,,,,,,,,,,,,,,,,,,,,,,,,
2024-05-14 14:23:00-04:00,,,,,0.49000000953674316,,,,,,,,,,,,,,,,,,,,0.20999999344348907,,,,,,,,,,,,,,,,,,,,,,,,,,,,,,,,,,,,,,,,,,,,,,,,,,,,,,,,,,,,,,,
2024-05-14 14:24:00-04:00,,,,,,,,0.27000001072883606,,,,,,,,,,,,0.17000000178813934,,,,,,,,,,,,,,,,,,,,,,,,,,,,,,,,,,,,,,,,,,,,,,,,,,,,,,,,,,,,,,,,,,,,
2024-05-14 14:25:00-04:00,,,,,,,0.029999999329447746,0.25999999046325684,,,,,0.05999999865889549,,,,,,,,,,,,,,,,,,,,,,,,,,,,,,,,,,,,,,,,,,,,,,,,,,,,,,,,,,,,,,,,,,,,,,,,,,,
2024-05-14 14:26:00-04:00,,,,,0.47999998927116394,,,,,,,,0.05999999865889549,,,,,,,,,,,,,,,,,,,,,,,,,,,,,,,,,,,,,,,,,,,,,,,,,,,,,,,,,,,,,,,,,,,,,,,,,,,
2024-05-14 14:27:00-04:00,,,0.009999999776482582,,,,,,,,,,,,,,,,,,,,,,,0.4699999988079071,,,,,,,,,,,,,,,,,,,,,,,,,,,,,,,,,,,,,,,,,,,,,,,,,,,,,,,,,,,,,,
2024-05-14 14:28:00-04:00,,,,0.11999999731779099,,,0.03999999910593033,0.25999999046325684,,,,,,,,,,,,,,,,,,,,,,,,,,,,,,,,,,,,,,,,,,,,,,,,,,,,,,,,,,,,,,,,,,,,,,,,,,,,,,,,
2024-05-14 14:29:00-04:00,,,0.009999999776482582,,0.49000000953674316,0.9200000166893005,0.029999999329447746,0.27000001072883606,0.6800000071525574,,,,,,,,,,,,,,,,,0.47999998927116394,,,,,,,0.23000000417232513,,,,,0.33000001311302185,,,,,,,,,,,,,,,,,,,,,,,,,,,,,,,,,,,,,,,,,,,,,,,,,,
2024-05-14 14:30:00-04:00,,,,0.11999999731779099,,,,0.2800000011920929,,1.100000023841858,,,,,,,,,,0.1599999964237213,,,,,,,,,,,,,,,,,,,,,,,,,,,,,,,,,,,,,,,,,,,,,,,,,,,,,,,,,,,,,,,,,,,,
2024-05-14 14:31:00-04:00,,,,,0.5,0.9300000071525574,,,,,,,,,,,0.10000000149011612,,,,,,,,,0.4699999988079071,,1.190000057220459,,,,,,,,,,,,,,,,,,,,,,,,,,,,,,,,,,,,,,,,,,,,,,,,,,,,,,,,,,,,
2024-05-14 14:32:00-04:00,,,0.009999999776482582,0.12999999523162842,,,,0.27000001072883606,,1.100000023841858,,,0.05999999865889549,,,,,0.3700000047683716,,,,,,,,0.4699999988079071,,,,,,,,,,,,,,,,,,,,,,,,,,,,,,,,,,,,,,,,,,,,,,,,,,,,,,,,,,,,,,
2024-05-14 14:33:00-04:00,,,,0.12999999523162842,,0.9300000071525574,,0.27000001072883606,,1.100000023841858,,,,,,,,,,,,,,,,,,,,,,,,,,,,,,,,,,,,,,0.3799999952316284,,,,,,,,,,,,,,,,,,,,,,,,,,,,,,,,,,,,,,,,
2024-05-14 14:34:00-04:00,,,0.009999999776482582,,,,0.019999999552965164,,,,,,,,,,,,,,,,,,0.1899999976158142,,,,,,,,,,,,,,,,,,,,,,,,,,,,,,,,,0.75,,,,,,,,,,,,,,,,,,,,,,,,,,,,,,
2024-05-14 14:35:00-04:00,,,,0.11999999731779099,,,,,,,,0.009999999776482582,,,,,,,,,,,,,,,,,,,,,,,,,,,,,,,,,,,,,,,,,,,,,,,,,,,,,,,,,,,,,,,,,,,,,,,,,,,,
2024-05-14 14:36:00-04:00,,,,,,,,,,,,,,,,,,,,0.1599999964237213,,,,,,,,,,,,,,,,,,,,,,,,,,,,,,,,,,,,,,,,,,,,,,,,,,,,,,,,,,,,,,,,,,,,
2024-05-14 14:37:00-04:00,,,0.009999999776482582,,0.49000000953674316,,0.029999999329447746,,,,,,,,,,0.10000000149011612,,,0.1599999964237213,,,,,,,,,,,,,,,,,,,,,,,,,,,,,,,,,,,,,,,,,,,,,,,,,,,,,,,,,,,,,,,,,,,,
2024-05-14 14:38:00-04:00,,,,,,,,,,,,,,,,,,,,,,,,0.05000000074505806,,,,,,,,,,,,,,,,,,,,,,,,,,,,,,,,,,,,,,,,,,,,,,,,,,,,,,,,,,,,,,,,
2024-05-14 14:39:00-04:00,,,,0.12999999523162842,0.5,,,,,,,,0.05999999865889549,,,0.009999999776482582,,,,,,,,,,,,,,,,,,,,,,,,,,,,,,,,,,,,,,,,,,,,,,,,,,,,,,,,,,,,,,,,,,,,,,,,
2024-05-14 14:40:00-04:00,,,,,,,,,,,,,,,,,,,,,,,,,,0.47999998927116394,,,,,,,,,,,,,,,,,,,,,,,,,,,,,,,,,,,,,,,,,,,,,,,,,,,,,,,,,,,,,,
2024-05-14 14:41:00-04:00,,,,,,0.9200000166893005,,,,,,,,,,,,,,,,,,,,,,,,,,,,,,,,,,,,,,,,,,,,,,,,,,,,,,,,,,,,,0.7599999904632568,,,,,,,,,,,,,,,,,,,,,
2024-05-14 14:42:00-04:00,,,,,,,,0.27000001072883606,,,,,,,,,,,,,,,,,,,,,,,,,,,,,,,,,,,,,,,,,,,,,,,,,,,,,,,,,,,,,,,,,,,,,,,,,,,,,,,,
2024-05-14 14:43:00-04:00,,,,0.11999999731779099,,,,,0.6600000262260437,,,,,,,,,0.3799999952316284,,,,,,,,,,,,,,,,,,,,,,,,,,,,,,,,,,,,,,,,,,,,,,,,,,,,,,,,,,,,,,,,,,,,,,
2024-05-14 14:44:00-04:00,,,,,,,,,,,,,,,,,,,,,,0.7799999713897705,,0.05000000074505806,0.1899999976158142,,,,,,,,,,,,,,,,,,,,,,,,,,,,,,,,,,,,,,,,,,,,,,,,,,,,,,,,,,,,,,,
2024-05-14 14:45:00-04:00,,,,,,,0.019999999552965164,0.25999999046325684,,,,,,,,0.009999999776482582,,,,0.1599999964237213,,,,0.05000000074505806,,,,,,,,,,,,,,,,,,,,,,,,,,,,,,,,,,,,,,,,,,,,,,,,,,,,,,0.33000001311302185,,0.699999988079071,,,,,,,,
2024-05-14 14:46:00-04:00,,,,0.11999999731779099,,,,0.25999999046325684,,,,,,,,,,,,,0.47999998927116394,,,,0.1899999976158142,0.46000000834465027,,,,,,,,,,,,,,,,,,,,,,,,,,,,,,,,,,,,,,,,,,,,,,,,,,,,,,,,,,,,,,
2024-05-14 14:47:00-04:00,,,,,,,0.029999999329447746,0.27000001072883606,,,,,,,,0.009999999776482582,,,,,,,,,,,,,,,,,,,,,,,,,,,,,,,,,,,,,,,,,,,,,,,,,,,,,,,,,,,,,,,,,,,,,,,,
2024-05-14 14:48:00-04:00,,,0.009999999776482582,,,,,,,,,,,,,,,,,,,,,0.05000000074505806,0.1899999976158142,,,,,,,,,,,,,,,,,,,,,,,,,,,,,,,,,,,,,,,,,,,,,,,,,,,,,,,,,,,,,,,
2024-05-14 14:49:00-04:00,,,,,,,,,,,,,,,,,,0.3799999952316284,,,,,,,,,,,,,,,,,,,,0.3100000023841858,,,,,,,,,,,,,,,,,,,,,,,,,,,,,,,,,,,,,,,,,,,,,,,,,,
2024-05-14 14:50:00-04:00,,,,0.12999999523162842,0.47999998927116394,0.9200000166893005,,,,,,,,,,,,,,,,,,0.05000000074505806,0.1899999976158142,,,,,,,,,,,,,,,,,,,,,,,,,,,,,,,,,,,,,,,,,,,,,,,,,,,,,,,,,,,,,,,
2024-05-14 14:51:00-04:00,,,,,0.47999998927116394,,,0.25999999046325684,,,,,,,,,,,,,,,,,,,,,,,,,,,,,,,,,,,,,,,,,,,,,,,,,,,,,,,,,,,,,,,,,,,,,,,,,,,,,,,,
2024-05-14 14:52:00-04:00,,,,0.11999999731779099,,,0.029999999329447746,,,,,,,,,,,,,,,,,0.05000000074505806,0.1899999976158142,,,,,,,,,,,,,,,,,,,,,,,,,,,,,,,,,,,,,,,,,,,,,,,,,,,,,,,,,,,,,,,
2024-05-14 14:53:00-04:00,,,,,0.49000000953674316,,0.029999999329447746,0.27000001072883606,,,,,,,,,,,,,,,,,0.20000000298023224,,,,,,,,,,,,,,,,,,,,,,,,,,,,,,,,,,,,,,,,,,,,,,,,,,,,,,,,,,,,,,,
2024-05-14 14:54:00-04:00,,,,0.11999999731779099,,,,,,,,,,,,,,,,,,,,,,,,,,,,,,,,,,,,,,,,,,,,,,,,,,,,,,,,,,,,,,,,,,,,,,,,,,,0.44999998807907104,,,,,,,,,
2024-05-14 14:55:00-04:00,,,,0.10999999940395355,,,0.029999999329447746,0.27000001072883606,,,,,,,,,,,,,,,,,,,,,,,,,,,,,,,,,,,,,,,,,,,,,,,,,,,,,,,,,,,,,,,,,,,,,,,,,,,,,,,,
2024-05-14 14:56:00-04:00,,,,,,,,0.27000001072883606,,,,,,,,,,,,,,,,,,,,,,,,,,,,,,,,,,,,,,,,,,,,,,,,,,,,,,,,,,,,,,,,,,,,,,,,,,,,,,,,
2024-05-14 14:57:00-04:00,,,,0.11999999731779099,,,,,,,,,,,,,,,,,,,,,,,,,,,,,,,,,,,,,,,,,,,,,,,,,,,,,,,,,,,,,,,,,,,,,,,,,,,,,,,,,,,,
2024-05-14 14:58:00-04:00,,,,0.11999999731779099,0.47999998927116394,,,,,,,,,,,,,,,,,,,,,,,,,,,,,,,,,,,,,,,,,,,,,,,,,,,,,,,,,,,,,,,,,,,,,,,,,,,,,,,,,,,
2024-05-14 15:01:00-04:00,,,,0.11999999731779099,,,,,,,,,,,,,,,,0.1599999964237213,,,,,,,,,,,,,,,,,,,,,,,,,,,,,,,,,,,,,,,,,,,,,,,,,,,,,,,,,,,,,,,,,,,,
2024-05-14 15:02:00-04:00,,,,0.11999999731779099,,,,0.27000001072883606,,,,,,,,,,,,0.1599999964237213,,,,,,,,,,,,,,,,,,,,,,,,,,,,,,,,,,,,,,,,,,,,,,,,,,,,,,,,,,,,,,,,,,,,
2024-05-14 15:03:00-04:00,,,,,0.5199999809265137,0.9300000071525574,0.03999999910593033,0.2800000011920929,,1.1399999856948853,,,,,,0.009999999776482582,,,,,,,,,,,,,,,,,,,,,,,,,,,,,,,,,,,,,,,,,,,,,,,,,,,,,,,,,,,,,,,,,,,,,,,,
2024-05-14 15:04:00-04:00,,,,,,,,0.2800000011920929,,,,,,,,0.009999999776482582,,,,0.11999999731779099,,,,,,,,,,,,,,,,,,,,,,,,,,,,,,,,,,,,,,,,,,,,,,,,,,,,,,,,,,,,,,,,,,,,
2024-05-14 15:05:00-04:00,,,0.009999999776482582,0.12999999523162842,0.5099999904632568,0.9300000071525574,,0.30000001192092896,,,,,,,,,,,,,,,,,,,,,,,,,,,,,,,,,,,,,,,,,,,,,,,,,,,,,,,,,,,,,,,,,,,,,,,,,,,,,,,,
2024-05-14 15:06:00-04:00,,,,,,,,,,,,,,,,,0.10000000149011612,,,,,,,,,,,,,,,,,,,,,,,,,,,,,,,,,,,,,,,,,,,,,,,0.11999999731779099,,,,,,,,,,,,,,,,,,,,,,,,
2024-05-14 15:07:00-04:00,,,,0.12999999523162842,,,0.029999999329447746,0.2800000011920929,,,,,,,,,,,,,,,,,,,,,,,,,,,,,,,,,,,,,,,,,,,,,,,,,,,,,,,,,,,,,,,,,,,,,,,,,,,,,,,,
2024-05-14 15:08:00-04:00,,,,0.12999999523162842,,,0.029999999329447746,0.2800000011920929,,,,,,,,,,,,,,,,,,,,,,,,,,,,,,,,,,,,,,,,,,,,,,,,,,,,,,,,,,,,,,,,,,,,,,,,,,,,,,,,
2024-05-14 15:09:00-04:00,,,,,,,,,,,,,,,,,,,,,,,,,,,,,,,,,,,,,,,,,,,,,,,,,,,,,,,,,,,,,,,,,,,,,,,,,,,,,,,,,0.8799999952316284,,,,,,,
2024-05-14 15:10:00-04:00,,,,0.14000000059604645,,,0.019999999552965164,,0.699999988079071,,,,,,,,,,,,,,,,,,,,,,,,,,,,,,,,,,,,,,,,,,,,,,,,,,,,,,,,,,,,,,,,,,,,,,,,,,,,,,,
2024-05-14 15:11:00-04:00,,,,,,,0.019999999552965164,0.28999999165534973,,,,,,,,,,,,,,,,,,,,,,,,,,,,,,,,,,,,,,,,,,,,,,,,,,,,,,,,,,,,,,,,,,,,,,,,,,,,,,,,
2024-05-14 15:12:00-04:00,,,,0.12999999523162842,,,,,,,,,,,,,,,,,,,,,,,,,,,,,,0.5600000023841858,,,,,,,,,,,,,,,,,,,,,,,,,,,,,,,,,,,,,,,,,,,,,,,,,,,,,,
2024-05-14 15:13:00-04:00,,,,0.12999999523162842,,,,,,,,,,0.36000001430511475,,,,,,,,,,,,,,,,,,,,,,,,,,,,,,,,,,,,,,,,,,,,,,,,,,,,,,,,,,,,,,,,,,,,,,,,,,
2024-05-14 15:15:00-04:00,,,0.009999999776482582,0.12999999523162842,,,,,,,,,,,,,,,,,,,,0.03999999910593033,,,,,,,,,,,,,,,,,,,,,,,,,,,,,,,,,,,,,,,,,,,,,,,,,,,,,,,,,,,,,,,,
2024-05-14 15:16:00-04:00,,,,0.14000000059604645,,,,,,,,,,,,,,,,,,,,0.03999999910593033,,,,,,,,,,,,,,,,,,,,,,,,,,,,,,,,,,,,,,,,,,,,,,,,,,,,,,,,,,,,,,,,
2024-05-14 15:17:00-04:00,,,,,,,,,,,,,,,,,,,,,,,,,,,,,,,,,,,,,,,,,,,,,,,,,0.7200000286102295,,,,,,,,,,,,,,,,,,,,,,,,,,,,,,,,,,,,,,,
2024-05-14 15:18:00-04:00,,,,0.14000000059604645,0.5199999809265137,,,,,,,,,,,,,,,,,,,,,,,,,,,,,,,,,,,,,,,,,,,,,,,,,,,,,,,,,,,,,,,,,,,,,,,,,,,,,,,,,,,
2024-05-14 15:19:00-04:00,,,,,,,,0.2800000011920929,,,,,,,,,,,0.800000011920929,,,,,,,,,,,,,,,,,,,,,,,,,,,,,,,,,,,,,,,,,,,,,,,,,,,,,,,,,,,,,,,,,,,,,
2024-05-14 15:20:00-04:00,,,,0.14000000059604645,,,,,,,,,,0.3700000047683716,,,,,,,,,,,,,,,,,,,,,,,,,,,,,,,,,,,,,,,,,,,,,,,,,,,,,,,,,,,,,,,,,,,,,,,,,,
2024-05-14 15:21:00-04:00,,,,,0.5099999904632568,0.9399999976158142,,,,,,,,,,,,,,,,,,,,,,,,,,,,,,,,,,,,,,,,,,,,,,,,,,,,,,,,,,,,,,,,,,,,,,,,,,,,,,,,,,
2024-05-14 15:22:00-04:00,,,,,,,,0.2800000011920929,,,,,,,,,,,,,,,,,,,,,,,,,,,,,,,,,,,,,,,,,,,,,,,,,,,,,,,,,,,,,,,,,,,,,,,,,,,,,,,,
2024-05-14 15:23:00-04:00,,,,0.12999999523162842,,,,,,,,,0.10000000149011612,0.36000001430511475,,,,,,,,,,,,,,,,,,,,,,,,,,,,,,,,,,,,,,,,,,,,,,,,,,,,,,,,,,,,,,,,,,,,,,,,,,
2024-05-14 15:24:00-04:00,,,,,,,,,0.7099999785423279,,,,,0.36000001430511475,,,,,,,,,,,,,,,,,,,,,,,,,,,,,,,,,,,,,,,,,,,,,,,,,,,,,,,,,,,,,,,,,,,,,,,,,,
2024-05-14 15:25:00-04:00,,,,0.12999999523162842,,,,0.2800000011920929,,,,,,,,0.009999999776482582,,,,,,,,,,,,,,,,,,0.6399999856948853,,,,,,,,,,,,,,,,,,,,,,,,,,,,,,,,,,,,,,,,,,,,,,,,,,,,,,
2024-05-14 15:26:00-04:00,,,,,,,,0.2800000011920929,,,,,,0.3700000047683716,,,,,,,,,,,,0.46000000834465027,,,,,,,,0.6399999856948853,,,,,,,,,,,,,,,,,,,,,,,,,,,,,,,,,,,,,,,,,,,,,,,,,,,,,,
2024-05-14 15:28:00-04:00,,,,,,,,0.28999999165534973,,,,,,,,,,,,,,,,,,,,,,,,,,,,,,,,,,,,,,,,,,,,,,,,,,,,,,,,,,,,,,,,,,,,,,,,,,,,,,,,
2024-05-14 15:29:00-04:00,,,,0.14000000059604645,0.5199999809265137,,,0.28999999165534973,,,,,,,,,,,,,,,,,,,,,,,,,,,,,,,,,,,,,,,,,,,,,,,,,,,,,,,,,,,,,,,,,,,,,,,,,,,,,,,,
2024-05-14 15:31:00-04:00,,,0.009999999776482582,0.12999999523162842,,,,,0.699999988079071,1.090000033378601,,,,,,0.009999999776482582,,,,,0.46000000834465027,,,,,0.44999998807907104,,,,,,,,,,,,,0.6100000143051147,0.9399999976158142,,,,,,,,,,,,,,,,,,,,,,,,,,,,,,,,,,,,,,,,,,,,,,,,
2024-05-14 15:32:00-04:00,,,,,0.4699999988079071,,,,,,,,0.07999999821186066,,,,,,,,,,,,0.1599999964237213,,,,,,,,,,,,,0.33000001311302185,,,,,,,,,,,,,,,,,,,,,,,,,,,,,,,,,,,,,,,,,,,,,,,,,,
2024-05-14 15:34:00-04:00,,,,,,,,0.25999999046325684,,,,,,,,,,,,,,,,,,,,,,,,,,,,,,,,,,,,,,,,,,,,,,,,,,,,,,,,,,,,,,,,,,,,0.03999999910593033,,,,,,,,,,,,
2024-05-14 15:35:00-04:00,,,,0.11999999731779099,,,,0.27000001072883606,,,,,,,,,,,,,,,,,,,,,,,,,,,,,,,,,,,,,,,,,,,,,,,,,,,,,,,,,,,,,,,,,,,,,,,,,,,,,,,,
2024-05-14 15:36:00-04:00,,,,,,,,0.25999999046325684,,,,,,,,,,,,,,,,,,,,,,,,,,,,,,0.3199999928474426,,,,,,,,,,,,,,,,,,,,,,,,,,,,,,,,,,,,,,,,,,,,,,,,,,
2024-05-14 15:37:00-04:00,,,,0.10999999940395355,,,0.029999999329447746,,,,,,,,,,,,,,,,,,,0.44999998807907104,,,,,,,,,,,,,,,,,,,,,,,,,,,,,,,,,,,,,,,,,,,,,,,,,,,,,,,,,,,,,,
2024-05-14 15:38:00-04:00,,,,0.12999999523162842,,0.9200000166893005,,,,,,,0.07000000029802322,,,,,,,,,,,,,,,,,,,,,,,,,,,,,,,,,,,,,,,,,,,,,,,,,,,,,,,,,,,,,,,,,,,,,,,,,,,
2024-05-14 15:39:00-04:00,,,,,,0.9100000262260437,0.019999999552965164,,,,,,,,,,,,,,0.4300000071525574,,,,,,,,,,,,,,,,,,,,,,,,,,,,,,,,,,,,,,,,,,,,,,,,,,,,,,,,,,,,,,,,,,,
2024-05-14 15:40:00-04:00,,,,0.11999999731779099,0.49000000953674316,,0.029999999329447746,,,,,,,,,,,,,,,,,0.029999999329447746,,0.4399999976158142,,,,,,,,,,,,,,,,,,,,,,,,,,,,,,,,,,,,,,,,,,,,,,,,,,,,,,,,,,,,,,
2024-05-14 15:41:00-04:00,,,,0.11999999731779099,,,,,,,,,,,,,,,,,,,,0.029999999329447746,,0.4399999976158142,,,,,,,,,,,,,,,,,,,,,,,,,,,,,,,0.4699999988079071,,,,,,,,,,,,,,,,,,,,,,,,,,,,,,,
2024-05-14 15:43:00-04:00,,,,,,,,0.25999999046325684,,,,,,,,,,,,,,,,,,,,,,,,,,,,,,,,,,,,,,,,,,,,,,,,,,,,,,,,,,,,,,,,,,,,,,,,,,,,,,,,
2024-05-14 15:44:00-04:00,,,,0.11999999731779099,0.47999998927116394,,,,,,,,,,,,,,,,,,,,,,,,,,,,,,,,,,,,,,,,,,,,,,,,,,,,,,,,,,,,,,,,,,,,,,,,,,,,,,,,,,,
2024-05-14 15:45:00-04:00,,,,0.11999999731779099,0.47999998927116394,,,,,,,,,,,,,,,,,,,0.03999999910593033,,0.4399999976158142,,,,,,,,,,,,,,,,,,,,,,,,,,,,,,,,,,,,,,,,,,,,,,,,,,,,,,,,,,,,,,
2024-05-14 15:46:00-04:00,,,,,,,,0.25999999046325684,,,,,,,,,0.10000000149011612,,,,,,,,,,,,,,,,,,,,,,,,,,,,,,,,,,,,,,,,,,,,,,,,,,,,,,,,,,,,,,,,,,,,,,,
2024-05-14 15:47:00-04:00,,,0.009999999776482582,,0.47999998927116394,,,,,,,,,,,,,,,,,,,,,,,1.100000023841858,,,,,,,,,0.12999999523162842,,,,,,,,,,,,,,,,,,,,,,,,,,,,,,,,,,,,,,,,,,,,,,,,,,,
2024-05-14 15:48:00-04:00,,,0.009999999776482582,0.11999999731779099,,,,,,,,,,,,,,,,,,,,,,,,,,,,,,,,,,,,,,,,,,,,,,,,,,,,,,,,,,,,,,,,,,,,,,,,,,,,,,,,,,,,
2024-05-14 15:49:00-04:00,,,,,,0.8999999761581421,,0.25999999046325684,0.6499999761581421,,,,,0.3499999940395355,,,,,,,,,,,,,,,,,,,,,,,,,,,,,,,,,,,,,,,,,,,,,,,,,,,,,,,,,,,,,,,,,,,,,,,,,,
2024-05-14 15:50:00-04:00,,,,,,0.8899999856948853,,,,,,,,,,,,,,,,,,,0.1599999964237213,,,,,,,,,,,,,,,,,,,,,,,,,,,,,,,,,,,,,,,,,,,,,,,,,,,,,,,,,,,,,,,
2024-05-14 15:51:00-04:00,,,,0.10999999940395355,,0.8799999952316284,,,,,,,0.07000000029802322,,,,,,,,,,,,,,,,,,,,,,,,,,,,,,,,,,,,,,,,,,,,,,,,,,,,,,,,,,,,,,,,,,,,,,,,,,,
2024-05-14 15:52:00-04:00,,,,0.10000000149011612,0.44999998807907104,,,,,,,,,,,,,0.3499999940395355,,,,,,,,0.41999998688697815,,,,,,,,,,,,,,,,,,,,,,,,,,,,,,,,,,,,,,,,,,,,,,,,,,,,,0.44999998807907104,,,,,,,,,
2024-05-14 15:53:00-04:00,,,0.009999999776482582,0.10999999940395355,,,0.009999999776482582,,,,,,,,,,,,,,,,,,,,,,,,,,,,,,,,,,,,,,,,,,,,,,,,,,,,,,,,,,,,,,,,,,,,,,,,,,,,,,,,,
2024-05-14 15:54:00-04:00,,,,,,,,0.25,,,,,,,,,,0.3799999952316284,,,,,,,,,,,,,,,,,,,,,,,,,,,,,,,,,,,,,,,,,,,,,,,,,,,,,,,,,,,,,,,,,,,,,,
2024-05-14 15:55:00-04:00,,,,0.10999999940395355,0.49000000953674316,,,0.25,,,,,,,,,,,,,,,,,,0.41999998688697815,,,,,,,,,,,,,,,,,,,,,,,,,,,,,,,,,,,,,,,,,,,,,,,,,,,,,,,,,,,,,,
2024-05-14 15:56:00-04:00,,,,0.11999999731779099,,,,,,,,,,,,,,,,0.11999999731779099,,,,,,,,,,,,,0.23000000417232513,,,,,,,,,,,,,,,,,,,,,,,,,,,,,,,,,,,,,,,,,,,,,,,,,,,,,,,
2024-05-14 15:57:00-04:00,,,0.009999999776482582,,0.47999998927116394,0.9200000166893005,0.009999999776482582,0.25,,,,,,,,,,,,,,,,,,0.41999998688697815,,,,,,,,0.5,,,,,,,,,,,,,,,,,,,,,,,,,,,,,,,,,,,,,,,,,,,,,,,,,,,,,,
2024-05-14 15:58:00-04:00,,,0.009999999776482582,0.11999999731779099,0.5,,,,,,,,,,,,,,,,,,,,,,,,,,,,,,,,,,,,,,,,,,,,,,,,,,,,,,,,,,,,,,,,,,,,,,,,,,,,,,,,,,,
2024-05-14 15:59:00-04:00,,,0.009999999776482582,0.12999999523162842,0.5,,0.009999999776482582,0.25,,,,0.009999999776482582,,,,,,,,,,,,,0.18000000715255737,0.41999998688697815,,,,,,,,0.4699999988079071,,,,,,,,,,,,,,,,,,,,,,,,,,,,,,,,,,,,,,,,,,,,,,,,,,,,,,
